timestamp;buyer;seller;symbol;currency;price;quantity
900;Mark 67;Mark 49;VELVETFRUIT_EXTRACT;XIRECS;5262.0;8
1300;Mark 14;Mark 38;VEV_4000;XIRECS;1251.0;3
2700;Mark 01;Mark 55;VELVETFRUIT_EXTRACT;XIRECS;5269.0;8
2900;Mark 55;Mark 14;VELVETFRUIT_EXTRACT;XIRECS;5272.0;8
4800;Mark 55;Mark 14;VELVETFRUIT_EXTRACT;XIRECS;5273.0;3
5700;Mark 01;Mark 55;VELVETFRUIT_EXTRACT;XIRECS;5273.0;5
9000;Mark 38;Mark 14;VEV_4000;XIRECS;1278.0;1
9900;Mark 22;Mark 55;VELVETFRUIT_EXTRACT;XIRECS;5261.0;5
10200;Mark 14;Mark 38;HYDROGEL_PACK;XIRECS;10017.0;6
10700;Mark 55;Mark 14;VELVETFRUIT_EXTRACT;XIRECS;5265.0;4
11200;Mark 38;Mark 14;HYDROGEL_PACK;XIRECS;10030.0;4
12100;Mark 67;Mark 22;VELVETFRUIT_EXTRACT;XIRECS;5268.0;5
12600;Mark 01;Mark 55;VELVETFRUIT_EXTRACT;XIRECS;5264.0;3
13100;Mark 01;Mark 22;VEV_5400;XIRECS;16.0;3
13100;Mark 01;Mark 22;VEV_5500;XIRECS;6.0;3
13100;Mark 01;Mark 22;VEV_6000;XIRECS;0.0;3
13100;Mark 01;Mark 22;VEV_6500;XIRECS;0.0;3
13900;Mark 55;Mark 14;VELVETFRUIT_EXTRACT;XIRECS;5269.0;4
15700;Mark 38;Mark 14;HYDROGEL_PACK;XIRECS;10035.0;2
16300;Mark 55;Mark 01;VELVETFRUIT_EXTRACT;XIRECS;5275.0;5
17400;Mark 14;Mark 55;VELVETFRUIT_EXTRACT;XIRECS;5274.0;3
19100;Mark 38;Mark 14;HYDROGEL_PACK;XIRECS;10020.0;6
20900;Mark 01;Mark 22;VEV_5300;XIRECS;53.0;5
20900;Mark 01;Mark 22;VEV_5400;XIRECS;17.0;5
20900;Mark 01;Mark 22;VEV_5500;XIRECS;7.0;5
20900;Mark 01;Mark 22;VEV_6000;XIRECS;0.0;5
20900;Mark 01;Mark 22;VEV_6500;XIRECS;0.0;5
23100;Mark 01;Mark 55;VELVETFRUIT_EXTRACT;XIRECS;5264.0;4
23500;Mark 01;Mark 22;VEV_5400;XIRECS;16.0;2
23500;Mark 01;Mark 22;VEV_5500;XIRECS;6.0;2
23500;Mark 01;Mark 22;VEV_6000;XIRECS;0.0;2
23500;Mark 01;Mark 22;VEV_6500;XIRECS;0.0;2
25500;Mark 14;Mark 55;VELVETFRUIT_EXTRACT;XIRECS;5264.0;6
26500;Mark 55;Mark 14;VELVETFRUIT_EXTRACT;XIRECS;5269.0;6
29200;Mark 14;Mark 38;HYDROGEL_PACK;XIRECS;9993.0;4
29500;Mark 01;Mark 22;VEV_5400;XIRECS;16.0;2
29500;Mark 01;Mark 22;VEV_5500;XIRECS;6.0;2
29500;Mark 01;Mark 22;VEV_6000;XIRECS;0.0;2
29500;Mark 01;Mark 22;VEV_6500;XIRECS;0.0;2
32500;Mark 55;Mark 22;VELVETFRUIT_EXTRACT;XIRECS;5266.0;4
33300;Mark 55;Mark 01;VELVETFRUIT_EXTRACT;XIRECS;5271.0;7
34100;Mark 38;Mark 14;VEV_4000;XIRECS;1282.0;1
35700;Mark 55;Mark 14;VELVETFRUIT_EXTRACT;XIRECS;5270.0;3
35800;Mark 14;Mark 55;VELVETFRUIT_EXTRACT;XIRECS;5264.0;7
36100;Mark 55;Mark 01;VELVETFRUIT_EXTRACT;XIRECS;5271.0;4
38400;Mark 14;Mark 55;VELVETFRUIT_EXTRACT;XIRECS;5265.0;8
39500;Mark 14;Mark 38;VEV_4000;XIRECS;1254.0;2
41100;Mark 38;Mark 14;HYDROGEL_PACK;XIRECS;9998.0;6
41700;Mark 55;Mark 01;VELVETFRUIT_EXTRACT;XIRECS;5254.0;5
41900;Mark 01;Mark 22;VEV_5400;XIRECS;13.0;2
41900;Mark 01;Mark 22;VEV_5500;XIRECS;5.0;2
41900;Mark 01;Mark 22;VEV_6000;XIRECS;0.0;2
41900;Mark 01;Mark 22;VEV_6500;XIRECS;0.0;2
42000;Mark 14;Mark 55;VELVETFRUIT_EXTRACT;XIRECS;5247.0;8
42900;Mark 01;Mark 22;VEV_5400;XIRECS;14.0;4
42900;Mark 01;Mark 22;VEV_5500;XIRECS;5.0;4
42900;Mark 01;Mark 22;VEV_6000;XIRECS;0.0;4
42900;Mark 01;Mark 22;VEV_6500;XIRECS;0.0;4
43000;Mark 01;Mark 55;VELVETFRUIT_EXTRACT;XIRECS;5250.0;8
44000;Mark 14;Mark 38;HYDROGEL_PACK;XIRECS;9978.0;4
44700;Mark 14;Mark 55;VELVETFRUIT_EXTRACT;XIRECS;5255.0;8
44900;Mark 67;Mark 49;VELVETFRUIT_EXTRACT;XIRECS;5257.0;14
45100;Mark 38;Mark 14;HYDROGEL_PACK;XIRECS;9991.0;3
45100;Mark 14;Mark 22;VEV_5400;XIRECS;15.0;5
45100;Mark 01;Mark 22;VEV_5500;XIRECS;5.0;5
45100;Mark 01;Mark 22;VEV_6000;XIRECS;0.0;5
45100;Mark 01;Mark 22;VEV_6500;XIRECS;0.0;5
46800;Mark 14;Mark 55;VELVETFRUIT_EXTRACT;XIRECS;5256.0;8
48100;Mark 55;Mark 01;VELVETFRUIT_EXTRACT;XIRECS;5261.0;7
48400;Mark 67;Mark 22;VELVETFRUIT_EXTRACT;XIRECS;5258.0;5
49400;Mark 22;Mark 38;HYDROGEL_PACK;XIRECS;9958.0;4
49800;Mark 38;Mark 14;HYDROGEL_PACK;XIRECS;9960.0;3
50200;Mark 14;Mark 38;VEV_4000;XIRECS;1249.0;3
52600;Mark 55;Mark 01;VELVETFRUIT_EXTRACT;XIRECS;5263.0;8
52900;Mark 01;Mark 22;VEV_5500;XIRECS;6.0;5
52900;Mark 01;Mark 22;VEV_6000;XIRECS;0.0;5
52900;Mark 01;Mark 22;VEV_6500;XIRECS;0.0;5
53200;Mark 55;Mark 01;VELVETFRUIT_EXTRACT;XIRECS;5264.0;5
53600;Mark 01;Mark 55;VELVETFRUIT_EXTRACT;XIRECS;5257.0;5
58300;Mark 38;Mark 14;HYDROGEL_PACK;XIRECS;9963.0;6
59200;Mark 55;Mark 01;VELVETFRUIT_EXTRACT;XIRECS;5244.0;8
60700;Mark 38;Mark 14;HYDROGEL_PACK;XIRECS;9973.0;5
63800;Mark 38;Mark 14;VEV_4000;XIRECS;1262.0;3
64300;Mark 01;Mark 55;VELVETFRUIT_EXTRACT;XIRECS;5249.0;3
67600;Mark 55;Mark 01;VELVETFRUIT_EXTRACT;XIRECS;5262.0;4
70000;Mark 01;Mark 55;VELVETFRUIT_EXTRACT;XIRECS;5255.0;6
70400;Mark 55;Mark 14;VELVETFRUIT_EXTRACT;XIRECS;5260.0;5
70900;Mark 38;Mark 14;HYDROGEL_PACK;XIRECS;9994.0;2
71500;Mark 22;Mark 55;VELVETFRUIT_EXTRACT;XIRECS;5251.0;4
71800;Mark 14;Mark 38;HYDROGEL_PACK;XIRECS;9975.0;5
72700;Mark 38;Mark 14;HYDROGEL_PACK;XIRECS;9988.0;3
73100;Mark 01;Mark 55;VELVETFRUIT_EXTRACT;XIRECS;5256.0;7
73200;Mark 01;Mark 55;VELVETFRUIT_EXTRACT;XIRECS;5254.0;5
75200;Mark 01;Mark 22;VEV_5300;XIRECS;46.0;4
75200;Mark 01;Mark 22;VEV_5400;XIRECS;14.0;4
75200;Mark 01;Mark 22;VEV_5500;XIRECS;5.0;4
75200;Mark 01;Mark 22;VEV_6000;XIRECS;0.0;4
75200;Mark 01;Mark 22;VEV_6500;XIRECS;0.0;4
76700;Mark 55;Mark 01;VELVETFRUIT_EXTRACT;XIRECS;5258.0;4
78700;Mark 14;Mark 38;HYDROGEL_PACK;XIRECS;9939.0;3
79300;Mark 14;Mark 22;VEV_5300;XIRECS;47.0;5
79300;Mark 01;Mark 22;VEV_5400;XIRECS;14.0;5
79300;Mark 01;Mark 22;VEV_5500;XIRECS;5.0;5
79300;Mark 01;Mark 22;VEV_6000;XIRECS;0.0;5
79300;Mark 01;Mark 22;VEV_6500;XIRECS;0.0;5
80800;Mark 38;Mark 14;VEV_4000;XIRECS;1274.0;1
82100;Mark 55;Mark 22;VELVETFRUIT_EXTRACT;XIRECS;5270.0;5
83000;Mark 55;Mark 01;VELVETFRUIT_EXTRACT;XIRECS;5271.0;6
84100;Mark 55;Mark 01;VELVETFRUIT_EXTRACT;XIRECS;5272.0;8
84400;Mark 55;Mark 14;VELVETFRUIT_EXTRACT;XIRECS;5273.0;5
84800;Mark 55;Mark 14;VELVETFRUIT_EXTRACT;XIRECS;5276.0;5
85500;Mark 38;Mark 14;HYDROGEL_PACK;XIRECS;9954.0;2
85500;Mark 55;Mark 01;VELVETFRUIT_EXTRACT;XIRECS;5273.0;8
90100;Mark 38;Mark 14;HYDROGEL_PACK;XIRECS;9931.0;3
91700;Mark 38;Mark 14;HYDROGEL_PACK;XIRECS;9929.0;2
91700;Mark 14;Mark 55;VELVETFRUIT_EXTRACT;XIRECS;5264.0;8
92600;Mark 55;Mark 01;VELVETFRUIT_EXTRACT;XIRECS;5271.0;4
95100;Mark 01;Mark 55;VELVETFRUIT_EXTRACT;XIRECS;5262.0;8
97200;Mark 55;Mark 14;VELVETFRUIT_EXTRACT;XIRECS;5265.0;7
97400;Mark 01;Mark 55;VELVETFRUIT_EXTRACT;XIRECS;5258.0;5
97600;Mark 14;Mark 38;HYDROGEL_PACK;XIRECS;9937.0;2
98600;Mark 14;Mark 38;VEV_4000;XIRECS;1255.0;1
101800;Mark 38;Mark 14;HYDROGEL_PACK;XIRECS;9984.0;3
102400;Mark 38;Mark 14;HYDROGEL_PACK;XIRECS;9984.0;3
102600;Mark 14;Mark 22;VEV_5400;XIRECS;16.0;2
102600;Mark 01;Mark 22;VEV_5500;XIRECS;6.0;2
102600;Mark 01;Mark 22;VEV_6000;XIRECS;0.0;2
102600;Mark 01;Mark 22;VEV_6500;XIRECS;0.0;2
103300;Mark 14;Mark 38;VEV_4000;XIRECS;1254.0;1
103500;Mark 01;Mark 55;VELVETFRUIT_EXTRACT;XIRECS;5263.0;8
103700;Mark 14;Mark 38;VEV_4000;XIRECS;1254.0;3
104500;Mark 38;Mark 14;HYDROGEL_PACK;XIRECS;9984.0;2
105500;Mark 01;Mark 22;VEV_5300;XIRECS;47.0;5
105500;Mark 01;Mark 22;VEV_5500;XIRECS;5.0;5
105500;Mark 01;Mark 22;VEV_6000;XIRECS;0.0;5
105500;Mark 01;Mark 22;VEV_6500;XIRECS;0.0;5
106300;Mark 55;Mark 14;VELVETFRUIT_EXTRACT;XIRECS;5262.0;7
108800;Mark 55;Mark 14;VELVETFRUIT_EXTRACT;XIRECS;5263.0;3
109100;Mark 14;Mark 38;VEV_4000;XIRECS;1254.0;1
109400;Mark 55;Mark 01;VELVETFRUIT_EXTRACT;XIRECS;5266.0;6
109600;Mark 38;Mark 14;HYDROGEL_PACK;XIRECS;9990.0;6
109800;Mark 55;Mark 14;VELVETFRUIT_EXTRACT;XIRECS;5267.0;3
110500;Mark 55;Mark 14;VELVETFRUIT_EXTRACT;XIRECS;5262.0;8
111300;Mark 55;Mark 01;VELVETFRUIT_EXTRACT;XIRECS;5263.0;7
111900;Mark 14;Mark 38;VEV_4000;XIRECS;1252.0;2
112600;Mark 67;Mark 49;VELVETFRUIT_EXTRACT;XIRECS;5257.0;10
114500;Mark 38;Mark 14;HYDROGEL_PACK;XIRECS;9994.0;5
114700;Mark 38;Mark 14;VEV_4000;XIRECS;1269.0;2
116800;Mark 38;Mark 14;VEV_4000;XIRECS;1268.0;2
118100;Mark 55;Mark 01;VELVETFRUIT_EXTRACT;XIRECS;5260.0;3
122900;Mark 01;Mark 55;VELVETFRUIT_EXTRACT;XIRECS;5258.0;8
124900;Mark 38;Mark 14;HYDROGEL_PACK;XIRECS;10022.0;3
126800;Mark 38;Mark 22;HYDROGEL_PACK;XIRECS;10015.0;2
129300;Mark 22;Mark 49;VELVETFRUIT_EXTRACT;XIRECS;5255.0;8
129300;Mark 67;Mark 49;VELVETFRUIT_EXTRACT;XIRECS;5255.0;5
129400;Mark 38;Mark 14;HYDROGEL_PACK;XIRECS;10009.0;4
129600;Mark 14;Mark 55;VELVETFRUIT_EXTRACT;XIRECS;5255.0;6
129700;Mark 01;Mark 22;VEV_5300;XIRECS;46.0;4
129700;Mark 01;Mark 22;VEV_5400;XIRECS;14.0;4
129700;Mark 01;Mark 22;VEV_5500;XIRECS;5.0;4
129700;Mark 01;Mark 22;VEV_6000;XIRECS;0.0;4
129700;Mark 01;Mark 22;VEV_6500;XIRECS;0.0;4
130100;Mark 55;Mark 14;VELVETFRUIT_EXTRACT;XIRECS;5256.0;5
130300;Mark 14;Mark 55;VELVETFRUIT_EXTRACT;XIRECS;5252.0;6
133000;Mark 55;Mark 01;VELVETFRUIT_EXTRACT;XIRECS;5260.0;7
134300;Mark 67;Mark 49;VELVETFRUIT_EXTRACT;XIRECS;5255.0;9
135500;Mark 55;Mark 01;VELVETFRUIT_EXTRACT;XIRECS;5259.0;7
137000;Mark 14;Mark 38;HYDROGEL_PACK;XIRECS;10007.0;3
138700;Mark 55;Mark 01;VELVETFRUIT_EXTRACT;XIRECS;5262.0;3
140500;Mark 55;Mark 22;VELVETFRUIT_EXTRACT;XIRECS;5257.0;6
140900;Mark 14;Mark 38;VEV_4000;XIRECS;1246.0;1
142300;Mark 55;Mark 14;VELVETFRUIT_EXTRACT;XIRECS;5259.0;6
143100;Mark 55;Mark 01;VELVETFRUIT_EXTRACT;XIRECS;5261.0;7
143800;Mark 14;Mark 38;HYDROGEL_PACK;XIRECS;9996.0;5
144300;Mark 55;Mark 01;VELVETFRUIT_EXTRACT;XIRECS;5266.0;6
144400;Mark 14;Mark 38;VEV_4000;XIRECS;1253.0;1
145100;Mark 38;Mark 14;HYDROGEL_PACK;XIRECS;10012.0;5
145400;Mark 14;Mark 38;HYDROGEL_PACK;XIRECS;9995.0;2
145800;Mark 14;Mark 38;VEV_4000;XIRECS;1257.0;1
147200;Mark 01;Mark 55;VELVETFRUIT_EXTRACT;XIRECS;5259.0;8
149900;Mark 14;Mark 38;HYDROGEL_PACK;XIRECS;10007.0;3
150400;Mark 38;Mark 14;VEV_4000;XIRECS;1278.0;1
150600;Mark 38;Mark 14;HYDROGEL_PACK;XIRECS;10028.0;4
151400;Mark 14;Mark 38;HYDROGEL_PACK;XIRECS;10014.0;3
151600;Mark 14;Mark 38;HYDROGEL_PACK;XIRECS;10014.0;6
153100;Mark 38;Mark 14;VEV_4000;XIRECS;1284.0;3
153200;Mark 14;Mark 38;HYDROGEL_PACK;XIRECS;10008.0;5
154300;Mark 55;Mark 01;VELVETFRUIT_EXTRACT;XIRECS;5275.0;6
155100;Mark 55;Mark 01;VELVETFRUIT_EXTRACT;XIRECS;5277.0;8
155300;Mark 55;Mark 14;VELVETFRUIT_EXTRACT;XIRECS;5277.0;3
155700;Mark 55;Mark 14;VELVETFRUIT_EXTRACT;XIRECS;5277.0;4
155800;Mark 14;Mark 55;VELVETFRUIT_EXTRACT;XIRECS;5274.0;7
155900;Mark 38;Mark 14;VEV_4000;XIRECS;1285.0;2
156200;Mark 67;Mark 49;VELVETFRUIT_EXTRACT;XIRECS;5275.0;14
157000;Mark 38;Mark 14;HYDROGEL_PACK;XIRECS;10024.0;4
157400;Mark 67;Mark 49;VELVETFRUIT_EXTRACT;XIRECS;5272.0;13
161100;Mark 38;Mark 14;HYDROGEL_PACK;XIRECS;10028.0;4
164100;Mark 55;Mark 14;VELVETFRUIT_EXTRACT;XIRECS;5282.0;5
164200;Mark 14;Mark 55;VELVETFRUIT_EXTRACT;XIRECS;5278.0;7
164600;Mark 14;Mark 38;HYDROGEL_PACK;XIRECS;10023.0;6
165700;Mark 67;Mark 22;VELVETFRUIT_EXTRACT;XIRECS;5273.0;10
166700;Mark 38;Mark 14;VEV_4000;XIRECS;1283.0;3
169000;Mark 38;Mark 14;HYDROGEL_PACK;XIRECS;10028.0;2
169000;Mark 01;Mark 22;VEV_5300;XIRECS;52.0;3
169000;Mark 01;Mark 22;VEV_5400;XIRECS;16.0;3
169000;Mark 01;Mark 22;VEV_5500;XIRECS;6.0;3
169000;Mark 01;Mark 22;VEV_6000;XIRECS;0.0;3
169000;Mark 01;Mark 22;VEV_6500;XIRECS;0.0;3
169200;Mark 38;Mark 14;HYDROGEL_PACK;XIRECS;10025.0;5
169200;Mark 14;Mark 38;VEV_4000;XIRECS;1261.0;3
169900;Mark 14;Mark 55;VELVETFRUIT_EXTRACT;XIRECS;5267.0;3
170100;Mark 38;Mark 14;HYDROGEL_PACK;XIRECS;10020.0;4
170500;Mark 55;Mark 14;VELVETFRUIT_EXTRACT;XIRECS;5272.0;7
171500;Mark 14;Mark 55;VELVETFRUIT_EXTRACT;XIRECS;5271.0;7
171800;Mark 01;Mark 22;VEV_5400;XIRECS;17.0;5
171800;Mark 01;Mark 22;VEV_5500;XIRECS;7.0;5
171800;Mark 01;Mark 22;VEV_6000;XIRECS;0.0;5
171800;Mark 01;Mark 22;VEV_6500;XIRECS;0.0;5
172600;Mark 55;Mark 01;VELVETFRUIT_EXTRACT;XIRECS;5276.0;8
174000;Mark 55;Mark 14;VELVETFRUIT_EXTRACT;XIRECS;5278.0;6
175000;Mark 55;Mark 01;VELVETFRUIT_EXTRACT;XIRECS;5279.0;4
177100;Mark 14;Mark 38;HYDROGEL_PACK;XIRECS;10011.0;3
178100;Mark 14;Mark 38;HYDROGEL_PACK;XIRECS;10007.0;3
178200;Mark 01;Mark 55;VELVETFRUIT_EXTRACT;XIRECS;5272.0;3
179100;Mark 55;Mark 01;VELVETFRUIT_EXTRACT;XIRECS;5275.0;8
181600;Mark 14;Mark 38;HYDROGEL_PACK;XIRECS;9996.0;5
185500;Mark 55;Mark 14;VELVETFRUIT_EXTRACT;XIRECS;5262.0;5
188200;Mark 01;Mark 55;VELVETFRUIT_EXTRACT;XIRECS;5255.0;3
189100;Mark 01;Mark 22;VEV_5300;XIRECS;47.0;4
189100;Mark 01;Mark 22;VEV_5400;XIRECS;14.0;4
189100;Mark 01;Mark 22;VEV_5500;XIRECS;6.0;4
189100;Mark 01;Mark 22;VEV_6000;XIRECS;0.0;4
189100;Mark 01;Mark 22;VEV_6500;XIRECS;0.0;4
189700;Mark 01;Mark 55;VELVETFRUIT_EXTRACT;XIRECS;5257.0;6
190900;Mark 38;Mark 14;VEV_4000;XIRECS;1270.0;1
192700;Mark 14;Mark 38;VEV_4000;XIRECS;1253.0;2
193400;Mark 38;Mark 14;HYDROGEL_PACK;XIRECS;9993.0;4
194700;Mark 67;Mark 22;VELVETFRUIT_EXTRACT;XIRECS;5262.0;10
194900;Mark 01;Mark 55;VELVETFRUIT_EXTRACT;XIRECS;5257.0;6
195200;Mark 38;Mark 14;VEV_4000;XIRECS;1270.0;2
195500;Mark 55;Mark 14;VELVETFRUIT_EXTRACT;XIRECS;5264.0;6
195600;Mark 14;Mark 38;HYDROGEL_PACK;XIRECS;9972.0;5
196700;Mark 14;Mark 55;VELVETFRUIT_EXTRACT;XIRECS;5261.0;6
196800;Mark 14;Mark 38;VEV_4000;XIRECS;1253.0;2
199400;Mark 67;Mark 49;VELVETFRUIT_EXTRACT;XIRECS;5262.0;8
200400;Mark 14;Mark 38;VEV_4000;XIRECS;1252.0;1
201300;Mark 22;Mark 55;VELVETFRUIT_EXTRACT;XIRECS;5259.0;6
201500;Mark 14;Mark 38;VEV_4000;XIRECS;1248.0;1
202300;Mark 14;Mark 38;VEV_4000;XIRECS;1249.0;1
203500;Mark 55;Mark 01;VELVETFRUIT_EXTRACT;XIRECS;5263.0;4
204400;Mark 01;Mark 22;VEV_5300;XIRECS;47.0;5
204400;Mark 01;Mark 22;VEV_5400;XIRECS;14.0;5
204400;Mark 01;Mark 22;VEV_5500;XIRECS;6.0;5
204400;Mark 01;Mark 22;VEV_6000;XIRECS;0.0;5
204400;Mark 01;Mark 22;VEV_6500;XIRECS;0.0;5
205000;Mark 49;Mark 22;VELVETFRUIT_EXTRACT;XIRECS;5263.0;5
206000;Mark 55;Mark 01;VELVETFRUIT_EXTRACT;XIRECS;5268.0;6
206200;Mark 38;Mark 14;HYDROGEL_PACK;XIRECS;9992.0;3
206600;Mark 14;Mark 38;HYDROGEL_PACK;XIRECS;9976.0;3
206700;Mark 22;Mark 38;HYDROGEL_PACK;XIRECS;9981.0;5
207000;Mark 67;Mark 49;VELVETFRUIT_EXTRACT;XIRECS;5268.0;15
209400;Mark 01;Mark 55;VELVETFRUIT_EXTRACT;XIRECS;5265.0;4
211400;Mark 01;Mark 55;VELVETFRUIT_EXTRACT;XIRECS;5264.0;7
212100;Mark 55;Mark 01;VELVETFRUIT_EXTRACT;XIRECS;5271.0;4
212100;Mark 14;Mark 38;VEV_4000;XIRECS;1257.0;2
212200;Mark 55;Mark 22;VELVETFRUIT_EXTRACT;XIRECS;5267.0;5
212900;Mark 14;Mark 55;VELVETFRUIT_EXTRACT;XIRECS;5266.0;5
217200;Mark 14;Mark 55;VELVETFRUIT_EXTRACT;XIRECS;5262.0;4
217800;Mark 01;Mark 55;VELVETFRUIT_EXTRACT;XIRECS;5260.0;6
219200;Mark 14;Mark 38;HYDROGEL_PACK;XIRECS;9954.0;4
220600;Mark 14;Mark 55;VELVETFRUIT_EXTRACT;XIRECS;5260.0;4
220800;Mark 55;Mark 14;VELVETFRUIT_EXTRACT;XIRECS;5265.0;6
221200;Mark 38;Mark 14;HYDROGEL_PACK;XIRECS;9963.0;6
224300;Mark 38;Mark 14;HYDROGEL_PACK;XIRECS;9942.0;4
225500;Mark 14;Mark 22;VEV_5300;XIRECS;50.0;5
225500;Mark 01;Mark 22;VEV_5400;XIRECS;16.0;5
225500;Mark 01;Mark 22;VEV_5500;XIRECS;6.0;5
225500;Mark 01;Mark 22;VEV_6000;XIRECS;0.0;5
225500;Mark 01;Mark 22;VEV_6500;XIRECS;0.0;5
229400;Mark 14;Mark 55;VELVETFRUIT_EXTRACT;XIRECS;5260.0;7
231600;Mark 14;Mark 55;VELVETFRUIT_EXTRACT;XIRECS;5262.0;5
231900;Mark 38;Mark 14;VEV_4000;XIRECS;1275.0;2
232000;Mark 55;Mark 01;VELVETFRUIT_EXTRACT;XIRECS;5267.0;8
233000;Mark 38;Mark 14;HYDROGEL_PACK;XIRECS;9927.0;3
235700;Mark 14;Mark 38;HYDROGEL_PACK;XIRECS;9906.0;6
237400;Mark 55;Mark 01;VELVETFRUIT_EXTRACT;XIRECS;5273.0;6
237600;Mark 67;Mark 49;VELVETFRUIT_EXTRACT;XIRECS;5271.0;8
237700;Mark 55;Mark 14;VELVETFRUIT_EXTRACT;XIRECS;5273.0;8
238900;Mark 14;Mark 38;HYDROGEL_PACK;XIRECS;9910.0;4
239300;Mark 14;Mark 38;HYDROGEL_PACK;XIRECS;9909.0;2
239400;Mark 14;Mark 38;HYDROGEL_PACK;XIRECS;9910.0;4
239400;Mark 01;Mark 22;VEV_5400;XIRECS;15.0;2
239400;Mark 01;Mark 22;VEV_5500;XIRECS;6.0;2
239400;Mark 01;Mark 22;VEV_6000;XIRECS;0.0;2
239400;Mark 01;Mark 22;VEV_6500;XIRECS;0.0;2
239800;Mark 38;Mark 14;HYDROGEL_PACK;XIRECS;9925.0;5
242100;Mark 55;Mark 14;VELVETFRUIT_EXTRACT;XIRECS;5276.0;8
243500;Mark 55;Mark 14;VELVETFRUIT_EXTRACT;XIRECS;5274.0;4
243800;Mark 14;Mark 38;HYDROGEL_PACK;XIRECS;9919.0;4
244900;Mark 55;Mark 14;VELVETFRUIT_EXTRACT;XIRECS;5276.0;4
249400;Mark 38;Mark 14;VEV_4000;XIRECS;1286.0;3
249800;Mark 14;Mark 38;VEV_4000;XIRECS;1267.0;2
253000;Mark 01;Mark 22;VEV_5400;XIRECS;16.0;3
253000;Mark 01;Mark 22;VEV_5500;XIRECS;6.0;3
253000;Mark 01;Mark 22;VEV_6000;XIRECS;0.0;3
253000;Mark 01;Mark 22;VEV_6500;XIRECS;0.0;3
254300;Mark 38;Mark 14;HYDROGEL_PACK;XIRECS;9951.0;2
256200;Mark 14;Mark 38;HYDROGEL_PACK;XIRECS;9927.0;5
258000;Mark 67;Mark 49;VELVETFRUIT_EXTRACT;XIRECS;5271.0;15
258900;Mark 38;Mark 14;HYDROGEL_PACK;XIRECS;9928.0;2
259500;Mark 01;Mark 55;VELVETFRUIT_EXTRACT;XIRECS;5273.0;4
263900;Mark 14;Mark 55;VELVETFRUIT_EXTRACT;XIRECS;5281.0;4
264200;Mark 38;Mark 14;HYDROGEL_PACK;XIRECS;9927.0;6
264700;Mark 14;Mark 38;HYDROGEL_PACK;XIRECS;9907.0;2
265100;Mark 01;Mark 55;VELVETFRUIT_EXTRACT;XIRECS;5285.0;6
265200;Mark 14;Mark 38;HYDROGEL_PACK;XIRECS;9909.0;5
265500;Mark 14;Mark 55;VELVETFRUIT_EXTRACT;XIRECS;5285.0;6
266800;Mark 14;Mark 38;VEV_4000;XIRECS;1275.0;1
267000;Mark 55;Mark 14;VELVETFRUIT_EXTRACT;XIRECS;5289.0;6
267400;Mark 14;Mark 55;VELVETFRUIT_EXTRACT;XIRECS;5283.0;4
267900;Mark 38;Mark 22;HYDROGEL_PACK;XIRECS;9926.0;6
268200;Mark 14;Mark 55;VELVETFRUIT_EXTRACT;XIRECS;5280.0;7
268600;Mark 01;Mark 55;VELVETFRUIT_EXTRACT;XIRECS;5281.0;5
268900;Mark 01;Mark 22;VEV_5400;XIRECS;19.0;4
268900;Mark 01;Mark 22;VEV_5500;XIRECS;8.0;4
268900;Mark 01;Mark 22;VEV_6000;XIRECS;0.0;4
268900;Mark 01;Mark 22;VEV_6500;XIRECS;0.0;4
269700;Mark 38;Mark 14;VEV_4000;XIRECS;1288.0;1
270500;Mark 38;Mark 14;VEV_4000;XIRECS;1291.0;1
271100;Mark 14;Mark 55;VELVETFRUIT_EXTRACT;XIRECS;5276.0;3
272000;Mark 01;Mark 22;VEV_5500;XIRECS;8.0;3
272000;Mark 01;Mark 22;VEV_6000;XIRECS;0.0;3
272000;Mark 01;Mark 22;VEV_6500;XIRECS;0.0;3
272700;Mark 01;Mark 55;VELVETFRUIT_EXTRACT;XIRECS;5277.0;3
272900;Mark 38;Mark 14;HYDROGEL_PACK;XIRECS;9924.0;5
272900;Mark 38;Mark 14;VEV_4000;XIRECS;1290.0;3
273400;Mark 38;Mark 14;HYDROGEL_PACK;XIRECS;9922.0;3
273500;Mark 38;Mark 14;HYDROGEL_PACK;XIRECS;9921.0;6
274100;Mark 22;Mark 55;VELVETFRUIT_EXTRACT;XIRECS;5279.0;6
274300;Mark 55;Mark 14;VELVETFRUIT_EXTRACT;XIRECS;5280.0;8
274400;Mark 14;Mark 38;HYDROGEL_PACK;XIRECS;9907.0;3
274600;Mark 14;Mark 55;VELVETFRUIT_EXTRACT;XIRECS;5274.0;3
275200;Mark 01;Mark 22;VEV_5400;XIRECS;18.0;5
275200;Mark 01;Mark 22;VEV_5500;XIRECS;7.0;5
275200;Mark 01;Mark 22;VEV_6000;XIRECS;0.0;5
275200;Mark 01;Mark 22;VEV_6500;XIRECS;0.0;5
275800;Mark 38;Mark 14;HYDROGEL_PACK;XIRECS;9912.0;6
277000;Mark 38;Mark 14;HYDROGEL_PACK;XIRECS;9911.0;6
277300;Mark 38;Mark 14;HYDROGEL_PACK;XIRECS;9910.0;3
277900;Mark 14;Mark 38;VEV_4000;XIRECS;1259.0;3
278700;Mark 55;Mark 01;VELVETFRUIT_EXTRACT;XIRECS;5274.0;6
278800;Mark 14;Mark 38;HYDROGEL_PACK;XIRECS;9890.0;2
278800;Mark 55;Mark 14;VELVETFRUIT_EXTRACT;XIRECS;5276.0;4
279900;Mark 14;Mark 38;HYDROGEL_PACK;XIRECS;9890.0;6
280700;Mark 14;Mark 55;VELVETFRUIT_EXTRACT;XIRECS;5268.0;6
281100;Mark 38;Mark 14;VEV_4000;XIRECS;1278.0;1
282200;Mark 14;Mark 38;HYDROGEL_PACK;XIRECS;9891.0;4
282600;Mark 49;Mark 22;VELVETFRUIT_EXTRACT;XIRECS;5269.0;10
282600;Mark 55;Mark 01;VELVETFRUIT_EXTRACT;XIRECS;5272.0;6
283300;Mark 14;Mark 55;VELVETFRUIT_EXTRACT;XIRECS;5270.0;5
283700;Mark 38;Mark 14;HYDROGEL_PACK;XIRECS;9922.0;5
284300;Mark 38;Mark 14;HYDROGEL_PACK;XIRECS;9923.0;6
285600;Mark 55;Mark 01;VELVETFRUIT_EXTRACT;XIRECS;5278.0;4
285800;Mark 67;Mark 22;VELVETFRUIT_EXTRACT;XIRECS;5276.0;6
286100;Mark 22;Mark 55;VELVETFRUIT_EXTRACT;XIRECS;5278.0;5
286900;Mark 14;Mark 38;VEV_4000;XIRECS;1266.0;3
287100;Mark 01;Mark 22;VEV_5400;XIRECS;18.0;2
287100;Mark 01;Mark 22;VEV_5500;XIRECS;7.0;2
287100;Mark 01;Mark 22;VEV_6000;XIRECS;0.0;2
287100;Mark 01;Mark 22;VEV_6500;XIRECS;0.0;2
287600;Mark 01;Mark 22;VEV_5400;XIRECS;18.0;2
287600;Mark 01;Mark 22;VEV_5500;XIRECS;7.0;2
287600;Mark 01;Mark 22;VEV_6000;XIRECS;0.0;2
287600;Mark 01;Mark 22;VEV_6500;XIRECS;0.0;2
288000;Mark 38;Mark 14;HYDROGEL_PACK;XIRECS;9936.0;5
288000;Mark 01;Mark 55;VELVETFRUIT_EXTRACT;XIRECS;5274.0;8
289300;Mark 14;Mark 22;VEV_5300;XIRECS;52.0;2
289300;Mark 01;Mark 22;VEV_5400;XIRECS;17.0;2
289300;Mark 01;Mark 22;VEV_5500;XIRECS;7.0;2
289300;Mark 01;Mark 22;VEV_6000;XIRECS;0.0;2
289300;Mark 01;Mark 22;VEV_6500;XIRECS;0.0;2
291000;Mark 14;Mark 38;HYDROGEL_PACK;XIRECS;9905.0;3
291800;Mark 14;Mark 55;VELVETFRUIT_EXTRACT;XIRECS;5267.0;4
292800;Mark 38;Mark 14;HYDROGEL_PACK;XIRECS;9921.0;6
293100;Mark 55;Mark 14;VELVETFRUIT_EXTRACT;XIRECS;5274.0;5
293400;Mark 55;Mark 14;VELVETFRUIT_EXTRACT;XIRECS;5273.0;5
293600;Mark 14;Mark 38;VEV_4000;XIRECS;1260.0;2
293700;Mark 01;Mark 55;VELVETFRUIT_EXTRACT;XIRECS;5267.0;8
294600;Mark 01;Mark 22;VEV_5400;XIRECS;16.0;2
294600;Mark 14;Mark 22;VEV_5500;XIRECS;7.0;2
294600;Mark 01;Mark 22;VEV_6000;XIRECS;0.0;2
294600;Mark 01;Mark 22;VEV_6500;XIRECS;0.0;2
296800;Mark 01;Mark 55;VELVETFRUIT_EXTRACT;XIRECS;5268.0;8
299100;Mark 38;Mark 14;HYDROGEL_PACK;XIRECS;9963.0;3
300800;Mark 14;Mark 38;HYDROGEL_PACK;XIRECS;9946.0;4
301000;Mark 01;Mark 55;VELVETFRUIT_EXTRACT;XIRECS;5267.0;8
301700;Mark 14;Mark 38;VEV_4000;XIRECS;1256.0;2
303100;Mark 14;Mark 38;VEV_4000;XIRECS;1256.0;1
303800;Mark 14;Mark 38;HYDROGEL_PACK;XIRECS;9935.0;2
305600;Mark 01;Mark 55;VELVETFRUIT_EXTRACT;XIRECS;5267.0;3
305700;Mark 38;Mark 14;HYDROGEL_PACK;XIRECS;9951.0;6
306000;Mark 55;Mark 14;VELVETFRUIT_EXTRACT;XIRECS;5274.0;5
306100;Mark 38;Mark 14;HYDROGEL_PACK;XIRECS;9952.0;5
307600;Mark 38;Mark 14;VEV_4000;XIRECS;1281.0;2
307900;Mark 01;Mark 55;VELVETFRUIT_EXTRACT;XIRECS;5268.0;8
308400;Mark 01;Mark 55;VELVETFRUIT_EXTRACT;XIRECS;5270.0;3
310100;Mark 38;Mark 14;HYDROGEL_PACK;XIRECS;9942.0;4
311200;Mark 14;Mark 55;VELVETFRUIT_EXTRACT;XIRECS;5265.0;8
311700;Mark 55;Mark 01;VELVETFRUIT_EXTRACT;XIRECS;5273.0;6
311800;Mark 38;Mark 14;HYDROGEL_PACK;XIRECS;9945.0;2
314800;Mark 38;Mark 14;HYDROGEL_PACK;XIRECS;9953.0;3
315400;Mark 38;Mark 14;HYDROGEL_PACK;XIRECS;9956.0;4
316700;Mark 01;Mark 22;VEV_5400;XIRECS;17.0;3
316700;Mark 01;Mark 22;VEV_5500;XIRECS;7.0;3
316700;Mark 01;Mark 22;VEV_6000;XIRECS;0.0;3
316700;Mark 01;Mark 22;VEV_6500;XIRECS;0.0;3
316800;Mark 67;Mark 22;VELVETFRUIT_EXTRACT;XIRECS;5275.0;7
316900;Mark 38;Mark 14;HYDROGEL_PACK;XIRECS;9954.0;2
317500;Mark 01;Mark 22;VEV_5400;XIRECS;17.0;3
317500;Mark 01;Mark 22;VEV_5500;XIRECS;7.0;3
317500;Mark 01;Mark 22;VEV_6000;XIRECS;0.0;3
317500;Mark 01;Mark 22;VEV_6500;XIRECS;0.0;3
318100;Mark 38;Mark 14;VEV_4000;XIRECS;1284.0;1
320800;Mark 01;Mark 22;VEV_5300;XIRECS;52.0;5
320800;Mark 01;Mark 22;VEV_5400;XIRECS;17.0;5
320800;Mark 01;Mark 22;VEV_5500;XIRECS;7.0;5
320800;Mark 01;Mark 22;VEV_6000;XIRECS;0.0;5
320800;Mark 01;Mark 22;VEV_6500;XIRECS;0.0;5
321600;Mark 01;Mark 22;VEV_5300;XIRECS;50.0;4
321600;Mark 01;Mark 22;VEV_5400;XIRECS;16.0;4
321600;Mark 01;Mark 22;VEV_5500;XIRECS;7.0;4
321600;Mark 01;Mark 22;VEV_6000;XIRECS;0.0;4
321600;Mark 01;Mark 22;VEV_6500;XIRECS;0.0;4
322300;Mark 38;Mark 14;VEV_4000;XIRECS;1282.0;2
323200;Mark 55;Mark 14;VELVETFRUIT_EXTRACT;XIRECS;5276.0;5
323500;Mark 67;Mark 49;VELVETFRUIT_EXTRACT;XIRECS;5269.0;14
327600;Mark 55;Mark 14;VELVETFRUIT_EXTRACT;XIRECS;5266.0;5
328500;Mark 55;Mark 14;VELVETFRUIT_EXTRACT;XIRECS;5269.0;7
328700;Mark 55;Mark 14;VELVETFRUIT_EXTRACT;XIRECS;5268.0;5
328700;Mark 14;Mark 38;VEV_4000;XIRECS;1255.0;3
328900;Mark 38;Mark 14;HYDROGEL_PACK;XIRECS;9958.0;2
330400;Mark 14;Mark 55;VELVETFRUIT_EXTRACT;XIRECS;5261.0;8
332600;Mark 55;Mark 01;VELVETFRUIT_EXTRACT;XIRECS;5274.0;8
332800;Mark 14;Mark 38;HYDROGEL_PACK;XIRECS;9947.0;3
333200;Mark 67;Mark 22;VELVETFRUIT_EXTRACT;XIRECS;5269.0;7
333900;Mark 55;Mark 01;VELVETFRUIT_EXTRACT;XIRECS;5273.0;7
335400;Mark 55;Mark 14;VELVETFRUIT_EXTRACT;XIRECS;5271.0;6
336800;Mark 01;Mark 55;VELVETFRUIT_EXTRACT;XIRECS;5268.0;5
337000;Mark 67;Mark 22;VELVETFRUIT_EXTRACT;XIRECS;5271.0;6
338400;Mark 14;Mark 38;HYDROGEL_PACK;XIRECS;9948.0;4
340200;Mark 14;Mark 38;HYDROGEL_PACK;XIRECS;9951.0;2
340500;Mark 14;Mark 38;VEV_4000;XIRECS;1257.0;3
341400;Mark 01;Mark 22;VEV_5400;XIRECS;16.0;4
341400;Mark 14;Mark 22;VEV_5500;XIRECS;7.0;4
341400;Mark 01;Mark 22;VEV_6000;XIRECS;0.0;4
341400;Mark 01;Mark 22;VEV_6500;XIRECS;0.0;4
342300;Mark 38;Mark 14;HYDROGEL_PACK;XIRECS;9966.0;2
344000;Mark 01;Mark 55;VELVETFRUIT_EXTRACT;XIRECS;5269.0;3
344100;Mark 14;Mark 38;HYDROGEL_PACK;XIRECS;9942.0;3
344500;Mark 14;Mark 38;HYDROGEL_PACK;XIRECS;9942.0;3
344600;Mark 38;Mark 14;HYDROGEL_PACK;XIRECS;9958.0;6
344600;Mark 01;Mark 55;VELVETFRUIT_EXTRACT;XIRECS;5265.0;7
344900;Mark 01;Mark 55;VELVETFRUIT_EXTRACT;XIRECS;5265.0;6
346100;Mark 38;Mark 14;HYDROGEL_PACK;XIRECS;9947.0;2
347400;Mark 38;Mark 14;HYDROGEL_PACK;XIRECS;9947.0;4
347800;Mark 01;Mark 22;VEV_5400;XIRECS;15.0;4
347800;Mark 01;Mark 22;VEV_5500;XIRECS;6.0;4
347800;Mark 01;Mark 22;VEV_6000;XIRECS;0.0;4
347800;Mark 01;Mark 22;VEV_6500;XIRECS;0.0;4
350600;Mark 55;Mark 14;VELVETFRUIT_EXTRACT;XIRECS;5266.0;5
350700;Mark 14;Mark 22;VEV_5300;XIRECS;47.0;4
350700;Mark 01;Mark 22;VEV_5400;XIRECS;15.0;4
350700;Mark 01;Mark 22;VEV_5500;XIRECS;6.0;4
350700;Mark 01;Mark 22;VEV_6000;XIRECS;0.0;4
350700;Mark 01;Mark 22;VEV_6500;XIRECS;0.0;4
351400;Mark 14;Mark 38;HYDROGEL_PACK;XIRECS;9937.0;6
352100;Mark 14;Mark 55;VELVETFRUIT_EXTRACT;XIRECS;5252.0;4
352300;Mark 55;Mark 14;VELVETFRUIT_EXTRACT;XIRECS;5257.0;8
353600;Mark 01;Mark 55;VELVETFRUIT_EXTRACT;XIRECS;5254.0;7
353800;Mark 14;Mark 55;VELVETFRUIT_EXTRACT;XIRECS;5257.0;7
356500;Mark 55;Mark 14;VELVETFRUIT_EXTRACT;XIRECS;5263.0;6
358300;Mark 14;Mark 55;VELVETFRUIT_EXTRACT;XIRECS;5261.0;7
358400;Mark 55;Mark 01;VELVETFRUIT_EXTRACT;XIRECS;5266.0;5
358500;Mark 01;Mark 22;VEV_5300;XIRECS;47.0;2
358500;Mark 01;Mark 22;VEV_5400;XIRECS;15.0;2
358500;Mark 01;Mark 22;VEV_5500;XIRECS;6.0;2
358500;Mark 01;Mark 22;VEV_6000;XIRECS;0.0;2
358500;Mark 01;Mark 22;VEV_6500;XIRECS;0.0;2
359500;Mark 14;Mark 38;HYDROGEL_PACK;XIRECS;9972.0;5
360000;Mark 55;Mark 01;VELVETFRUIT_EXTRACT;XIRECS;5267.0;7
361300;Mark 55;Mark 01;VELVETFRUIT_EXTRACT;XIRECS;5267.0;3
361600;Mark 01;Mark 55;VELVETFRUIT_EXTRACT;XIRECS;5260.0;5
362500;Mark 01;Mark 55;VELVETFRUIT_EXTRACT;XIRECS;5260.0;5
362600;Mark 01;Mark 22;VEV_5300;XIRECS;47.0;5
362600;Mark 01;Mark 22;VEV_5500;XIRECS;6.0;5
362600;Mark 01;Mark 22;VEV_6000;XIRECS;0.0;5
362600;Mark 01;Mark 22;VEV_6500;XIRECS;0.0;5
363300;Mark 38;Mark 14;VEV_4000;XIRECS;1272.0;1
365300;Mark 14;Mark 38;HYDROGEL_PACK;XIRECS;9984.0;2
365400;Mark 14;Mark 55;VELVETFRUIT_EXTRACT;XIRECS;5257.0;7
365600;Mark 01;Mark 22;VEV_5300;XIRECS;45.0;4
365600;Mark 01;Mark 22;VEV_5400;XIRECS;14.0;4
365600;Mark 01;Mark 22;VEV_5500;XIRECS;5.0;4
365600;Mark 01;Mark 22;VEV_6000;XIRECS;0.0;4
365600;Mark 01;Mark 22;VEV_6500;XIRECS;0.0;4
366500;Mark 38;Mark 14;HYDROGEL_PACK;XIRECS;10001.0;2
368100;Mark 14;Mark 55;VELVETFRUIT_EXTRACT;XIRECS;5256.0;6
368200;Mark 38;Mark 14;VEV_4000;XIRECS;1270.0;2
370600;Mark 38;Mark 14;VEV_4000;XIRECS;1261.0;3
370700;Mark 14;Mark 38;VEV_4000;XIRECS;1241.0;2
372300;Mark 01;Mark 55;VELVETFRUIT_EXTRACT;XIRECS;5250.0;6
372300;Mark 38;Mark 14;VEV_4000;XIRECS;1264.0;2
373100;Mark 55;Mark 14;VELVETFRUIT_EXTRACT;XIRECS;5256.0;6
373800;Mark 01;Mark 22;VEV_5500;XIRECS;5.0;4
373800;Mark 01;Mark 22;VEV_6000;XIRECS;0.0;4
373800;Mark 01;Mark 22;VEV_6500;XIRECS;0.0;4
376300;Mark 01;Mark 22;VEV_5400;XIRECS;13.0;5
376300;Mark 01;Mark 22;VEV_5500;XIRECS;5.0;5
376300;Mark 01;Mark 22;VEV_6000;XIRECS;0.0;5
376300;Mark 01;Mark 22;VEV_6500;XIRECS;0.0;5
376700;Mark 14;Mark 55;VELVETFRUIT_EXTRACT;XIRECS;5250.0;7
378400;Mark 67;Mark 22;VELVETFRUIT_EXTRACT;XIRECS;5249.0;10
382200;Mark 55;Mark 14;VELVETFRUIT_EXTRACT;XIRECS;5253.0;5
383100;Mark 55;Mark 14;VELVETFRUIT_EXTRACT;XIRECS;5254.0;6
384800;Mark 22;Mark 38;HYDROGEL_PACK;XIRECS;9978.0;4
385100;Mark 67;Mark 49;VELVETFRUIT_EXTRACT;XIRECS;5245.0;9
385500;Mark 14;Mark 38;HYDROGEL_PACK;XIRECS;9972.0;5
387500;Mark 38;Mark 14;HYDROGEL_PACK;XIRECS;9991.0;3
389000;Mark 01;Mark 22;VEV_5300;XIRECS;38.0;2
389000;Mark 01;Mark 22;VEV_5400;XIRECS;11.0;2
389000;Mark 01;Mark 22;VEV_5500;XIRECS;4.0;2
389000;Mark 01;Mark 22;VEV_6000;XIRECS;0.0;2
389000;Mark 01;Mark 22;VEV_6500;XIRECS;0.0;2
389600;Mark 49;Mark 55;VELVETFRUIT_EXTRACT;XIRECS;5238.0;7
389600;Mark 38;Mark 14;VEV_4000;XIRECS;1249.0;3
390200;Mark 14;Mark 38;VEV_4000;XIRECS;1229.0;1
390300;Mark 01;Mark 22;VEV_5300;XIRECS;38.0;3
390300;Mark 01;Mark 22;VEV_5400;XIRECS;11.0;3
390300;Mark 01;Mark 22;VEV_5500;XIRECS;4.0;3
390300;Mark 01;Mark 22;VEV_6000;XIRECS;0.0;3
390300;Mark 01;Mark 22;VEV_6500;XIRECS;0.0;3
391600;Mark 14;Mark 38;HYDROGEL_PACK;XIRECS;9970.0;2
391700;Mark 38;Mark 14;HYDROGEL_PACK;XIRECS;9988.0;2
392400;Mark 38;Mark 14;HYDROGEL_PACK;XIRECS;9990.0;5
394100;Mark 38;Mark 14;HYDROGEL_PACK;XIRECS;9975.0;6
394300;Mark 38;Mark 14;HYDROGEL_PACK;XIRECS;9970.0;5
397300;Mark 14;Mark 38;VEV_4000;XIRECS;1226.0;2
398200;Mark 01;Mark 22;VEV_5400;XIRECS;10.0;2
398200;Mark 01;Mark 22;VEV_5500;XIRECS;4.0;2
398200;Mark 01;Mark 22;VEV_6000;XIRECS;0.0;2
398200;Mark 01;Mark 22;VEV_6500;XIRECS;0.0;2
401000;Mark 14;Mark 55;VELVETFRUIT_EXTRACT;XIRECS;5230.0;8
401200;Mark 14;Mark 38;HYDROGEL_PACK;XIRECS;9966.0;5
401500;Mark 55;Mark 01;VELVETFRUIT_EXTRACT;XIRECS;5233.0;7
406100;Mark 14;Mark 55;VELVETFRUIT_EXTRACT;XIRECS;5231.0;4
406300;Mark 14;Mark 38;VEV_4000;XIRECS;1220.0;2
407000;Mark 14;Mark 55;VELVETFRUIT_EXTRACT;XIRECS;5225.0;4
408000;Mark 38;Mark 14;HYDROGEL_PACK;XIRECS;9991.0;3
409400;Mark 38;Mark 14;HYDROGEL_PACK;XIRECS;9988.0;3
410100;Mark 38;Mark 14;HYDROGEL_PACK;XIRECS;9988.0;6
410200;Mark 01;Mark 22;VEV_5400;XIRECS;9.0;5
410200;Mark 01;Mark 22;VEV_5500;XIRECS;3.0;5
410200;Mark 01;Mark 22;VEV_6000;XIRECS;0.0;5
410200;Mark 01;Mark 22;VEV_6500;XIRECS;0.0;5
413100;Mark 38;Mark 14;HYDROGEL_PACK;XIRECS;9977.0;2
413500;Mark 38;Mark 14;HYDROGEL_PACK;XIRECS;9974.0;5
414900;Mark 14;Mark 22;VEV_5200;XIRECS;76.0;3
414900;Mark 01;Mark 22;VEV_5300;XIRECS;34.0;3
414900;Mark 01;Mark 22;VEV_5400;XIRECS;9.0;3
414900;Mark 01;Mark 22;VEV_5500;XIRECS;3.0;3
414900;Mark 01;Mark 22;VEV_6000;XIRECS;0.0;3
414900;Mark 01;Mark 22;VEV_6500;XIRECS;0.0;3
415400;Mark 38;Mark 14;HYDROGEL_PACK;XIRECS;9976.0;6
415500;Mark 01;Mark 22;VEV_5400;XIRECS;9.0;4
415500;Mark 01;Mark 22;VEV_5500;XIRECS;3.0;4
415500;Mark 01;Mark 22;VEV_6000;XIRECS;0.0;4
415500;Mark 01;Mark 22;VEV_6500;XIRECS;0.0;4
416600;Mark 38;Mark 14;HYDROGEL_PACK;XIRECS;9981.0;4
419300;Mark 14;Mark 38;VEV_4000;XIRECS;1221.0;1
420200;Mark 38;Mark 14;HYDROGEL_PACK;XIRECS;9975.0;4
421100;Mark 14;Mark 38;HYDROGEL_PACK;XIRECS;9961.0;5
421400;Mark 55;Mark 14;VELVETFRUIT_EXTRACT;XIRECS;5233.0;6
422200;Mark 14;Mark 38;HYDROGEL_PACK;XIRECS;9963.0;2
423800;Mark 38;Mark 14;HYDROGEL_PACK;XIRECS;9969.0;3
423800;Mark 14;Mark 22;VEV_5200;XIRECS;79.0;5
423800;Mark 01;Mark 22;VEV_5300;XIRECS;36.0;5
423800;Mark 01;Mark 22;VEV_5400;XIRECS;10.0;5
423800;Mark 14;Mark 22;VEV_5500;XIRECS;4.0;5
423800;Mark 01;Mark 22;VEV_6000;XIRECS;0.0;5
423800;Mark 01;Mark 22;VEV_6500;XIRECS;0.0;5
424400;Mark 38;Mark 14;VEV_4000;XIRECS;1244.0;2
424600;Mark 67;Mark 22;VELVETFRUIT_EXTRACT;XIRECS;5232.0;6
425300;Mark 55;Mark 14;VELVETFRUIT_EXTRACT;XIRECS;5238.0;3
427400;Mark 55;Mark 14;VELVETFRUIT_EXTRACT;XIRECS;5241.0;5
428400;Mark 38;Mark 14;VEV_4000;XIRECS;1248.0;1
429500;Mark 38;Mark 14;HYDROGEL_PACK;XIRECS;9968.0;3
430200;Mark 38;Mark 14;HYDROGEL_PACK;XIRECS;9974.0;4
430700;Mark 38;Mark 14;HYDROGEL_PACK;XIRECS;9976.0;4
432100;Mark 01;Mark 55;VELVETFRUIT_EXTRACT;XIRECS;5233.0;8
433000;Mark 14;Mark 55;VELVETFRUIT_EXTRACT;XIRECS;5238.0;4
433100;Mark 14;Mark 22;VEV_5200;XIRECS;83.0;2
433100;Mark 01;Mark 22;VEV_5300;XIRECS;38.0;2
433100;Mark 01;Mark 22;VEV_5400;XIRECS;11.0;2
433100;Mark 01;Mark 22;VEV_5500;XIRECS;4.0;2
433100;Mark 01;Mark 22;VEV_6000;XIRECS;0.0;2
433100;Mark 01;Mark 22;VEV_6500;XIRECS;0.0;2
433900;Mark 38;Mark 14;HYDROGEL_PACK;XIRECS;9970.0;4
436100;Mark 55;Mark 01;VELVETFRUIT_EXTRACT;XIRECS;5242.0;5
436200;Mark 14;Mark 38;HYDROGEL_PACK;XIRECS;9968.0;2
438300;Mark 14;Mark 38;VEV_4000;XIRECS;1230.0;3
438500;Mark 55;Mark 14;VELVETFRUIT_EXTRACT;XIRECS;5241.0;6
438900;Mark 38;Mark 14;VEV_4000;XIRECS;1249.0;3
441300;Mark 01;Mark 55;VELVETFRUIT_EXTRACT;XIRECS;5235.0;5
443400;Mark 38;Mark 14;HYDROGEL_PACK;XIRECS;9969.0;4
443600;Mark 14;Mark 22;VEV_5200;XIRECS;82.0;4
443600;Mark 01;Mark 22;VEV_5400;XIRECS;11.0;4
443600;Mark 01;Mark 22;VEV_5500;XIRECS;4.0;4
443600;Mark 01;Mark 22;VEV_6000;XIRECS;0.0;4
443600;Mark 01;Mark 22;VEV_6500;XIRECS;0.0;4
444200;Mark 55;Mark 01;VELVETFRUIT_EXTRACT;XIRECS;5244.0;6
445300;Mark 38;Mark 14;HYDROGEL_PACK;XIRECS;9974.0;2
448600;Mark 55;Mark 01;VELVETFRUIT_EXTRACT;XIRECS;5252.0;7
448900;Mark 67;Mark 49;VELVETFRUIT_EXTRACT;XIRECS;5247.0;9
449000;Mark 14;Mark 38;HYDROGEL_PACK;XIRECS;9979.0;6
449500;Mark 14;Mark 38;VEV_4000;XIRECS;1238.0;2
450900;Mark 38;Mark 14;HYDROGEL_PACK;XIRECS;9988.0;6
452000;Mark 14;Mark 38;HYDROGEL_PACK;XIRECS;9965.0;3
452800;Mark 38;Mark 14;HYDROGEL_PACK;XIRECS;9974.0;4
453000;Mark 55;Mark 14;VELVETFRUIT_EXTRACT;XIRECS;5240.0;3
453800;Mark 14;Mark 55;VELVETFRUIT_EXTRACT;XIRECS;5237.0;7
454700;Mark 38;Mark 14;VEV_4000;XIRECS;1247.0;1
456200;Mark 14;Mark 22;VEV_5200;XIRECS;82.0;2
456200;Mark 01;Mark 22;VEV_5400;XIRECS;11.0;2
456200;Mark 01;Mark 22;VEV_5500;XIRECS;4.0;2
456200;Mark 01;Mark 22;VEV_6000;XIRECS;0.0;2
456200;Mark 01;Mark 22;VEV_6500;XIRECS;0.0;2
457600;Mark 55;Mark 14;VELVETFRUIT_EXTRACT;XIRECS;5242.0;3
460100;Mark 14;Mark 55;VELVETFRUIT_EXTRACT;XIRECS;5235.0;4
461200;Mark 14;Mark 22;VEV_5300;XIRECS;37.0;3
461200;Mark 01;Mark 22;VEV_5400;XIRECS;10.0;3
461200;Mark 01;Mark 22;VEV_5500;XIRECS;3.0;3
461200;Mark 01;Mark 22;VEV_6000;XIRECS;0.0;3
461200;Mark 01;Mark 22;VEV_6500;XIRECS;0.0;3
463600;Mark 67;Mark 49;VELVETFRUIT_EXTRACT;XIRECS;5238.0;11
464700;Mark 67;Mark 22;VELVETFRUIT_EXTRACT;XIRECS;5238.0;5
466000;Mark 01;Mark 55;VELVETFRUIT_EXTRACT;XIRECS;5234.0;3
466400;Mark 67;Mark 49;VELVETFRUIT_EXTRACT;XIRECS;5233.0;14
468600;Mark 55;Mark 01;VELVETFRUIT_EXTRACT;XIRECS;5239.0;4
472900;Mark 55;Mark 14;VELVETFRUIT_EXTRACT;XIRECS;5238.0;6
473000;Mark 55;Mark 01;VELVETFRUIT_EXTRACT;XIRECS;5238.0;4
473800;Mark 55;Mark 14;VELVETFRUIT_EXTRACT;XIRECS;5239.0;3
474000;Mark 55;Mark 01;VELVETFRUIT_EXTRACT;XIRECS;5238.0;5
477300;Mark 01;Mark 55;VELVETFRUIT_EXTRACT;XIRECS;5244.0;8
478900;Mark 38;Mark 14;HYDROGEL_PACK;XIRECS;9997.0;3
480500;Mark 14;Mark 55;VELVETFRUIT_EXTRACT;XIRECS;5240.0;3
480900;Mark 14;Mark 38;HYDROGEL_PACK;XIRECS;9994.0;2
481400;Mark 14;Mark 38;HYDROGEL_PACK;XIRECS;9996.0;2
482400;Mark 38;Mark 14;HYDROGEL_PACK;XIRECS;10013.0;3
483400;Mark 55;Mark 01;VELVETFRUIT_EXTRACT;XIRECS;5249.0;3
483400;Mark 14;Mark 22;VEV_5300;XIRECS;40.0;5
483400;Mark 01;Mark 22;VEV_5400;XIRECS;12.0;5
483400;Mark 01;Mark 22;VEV_5500;XIRECS;4.0;5
483400;Mark 01;Mark 22;VEV_6000;XIRECS;0.0;5
483400;Mark 01;Mark 22;VEV_6500;XIRECS;0.0;5
486000;Mark 01;Mark 55;VELVETFRUIT_EXTRACT;XIRECS;5237.0;5
486200;Mark 55;Mark 01;VELVETFRUIT_EXTRACT;XIRECS;5242.0;8
486700;Mark 14;Mark 55;VELVETFRUIT_EXTRACT;XIRECS;5236.0;8
488200;Mark 14;Mark 38;HYDROGEL_PACK;XIRECS;9994.0;2
488600;Mark 38;Mark 14;VEV_4000;XIRECS;1247.0;2
488700;Mark 14;Mark 38;HYDROGEL_PACK;XIRECS;9985.0;5
490600;Mark 38;Mark 14;VEV_4000;XIRECS;1251.0;2
492000;Mark 14;Mark 55;VELVETFRUIT_EXTRACT;XIRECS;5241.0;5
493000;Mark 67;Mark 49;VELVETFRUIT_EXTRACT;XIRECS;5240.0;12
493500;Mark 01;Mark 55;VELVETFRUIT_EXTRACT;XIRECS;5239.0;6
493800;Mark 38;Mark 14;HYDROGEL_PACK;XIRECS;10020.0;6
494300;Mark 55;Mark 01;VELVETFRUIT_EXTRACT;XIRECS;5244.0;6
495100;Mark 55;Mark 01;VELVETFRUIT_EXTRACT;XIRECS;5247.0;8
495700;Mark 14;Mark 38;HYDROGEL_PACK;XIRECS;9985.0;3
495700;Mark 01;Mark 22;VEV_5400;XIRECS;11.0;5
495700;Mark 01;Mark 22;VEV_5500;XIRECS;4.0;5
495700;Mark 01;Mark 22;VEV_6000;XIRECS;0.0;5
495700;Mark 01;Mark 22;VEV_6500;XIRECS;0.0;5
498100;Mark 01;Mark 55;VELVETFRUIT_EXTRACT;XIRECS;5242.0;8
498500;Mark 14;Mark 38;HYDROGEL_PACK;XIRECS;9977.0;4
499900;Mark 38;Mark 14;VEV_4000;XIRECS;1256.0;3
500000;Mark 55;Mark 14;VELVETFRUIT_EXTRACT;XIRECS;5248.0;3
500600;Mark 14;Mark 38;HYDROGEL_PACK;XIRECS;9976.0;5
501300;Mark 55;Mark 01;VELVETFRUIT_EXTRACT;XIRECS;5247.0;7
501600;Mark 14;Mark 38;HYDROGEL_PACK;XIRECS;9976.0;4
501900;Mark 01;Mark 22;VEV_5300;XIRECS;38.0;3
501900;Mark 01;Mark 22;VEV_5400;XIRECS;11.0;3
501900;Mark 01;Mark 22;VEV_5500;XIRECS;4.0;3
501900;Mark 01;Mark 22;VEV_6000;XIRECS;0.0;3
501900;Mark 01;Mark 22;VEV_6500;XIRECS;0.0;3
503600;Mark 14;Mark 38;HYDROGEL_PACK;XIRECS;9975.0;2
505100;Mark 01;Mark 55;VELVETFRUIT_EXTRACT;XIRECS;5232.0;7
508800;Mark 01;Mark 22;VEV_5400;XIRECS;10.0;5
508800;Mark 01;Mark 22;VEV_5500;XIRECS;3.0;5
508800;Mark 01;Mark 22;VEV_6000;XIRECS;0.0;5
508800;Mark 01;Mark 22;VEV_6500;XIRECS;0.0;5
511000;Mark 14;Mark 38;HYDROGEL_PACK;XIRECS;9989.0;6
512800;Mark 14;Mark 38;HYDROGEL_PACK;XIRECS;9982.0;4
513600;Mark 55;Mark 14;VELVETFRUIT_EXTRACT;XIRECS;5244.0;5
516500;Mark 14;Mark 38;HYDROGEL_PACK;XIRECS;9977.0;5
519600;Mark 14;Mark 22;VEV_5200;XIRECS;87.0;5
519600;Mark 01;Mark 22;VEV_5300;XIRECS;40.0;5
519600;Mark 01;Mark 22;VEV_5400;XIRECS;12.0;5
519600;Mark 01;Mark 22;VEV_5500;XIRECS;4.0;5
519600;Mark 01;Mark 22;VEV_6000;XIRECS;0.0;5
519600;Mark 01;Mark 22;VEV_6500;XIRECS;0.0;5
519800;Mark 38;Mark 14;HYDROGEL_PACK;XIRECS;9982.0;6
519800;Mark 01;Mark 55;VELVETFRUIT_EXTRACT;XIRECS;5243.0;5
521000;Mark 38;Mark 14;VEV_4000;XIRECS;1257.0;1
521700;Mark 67;Mark 22;VELVETFRUIT_EXTRACT;XIRECS;5244.0;8
524600;Mark 14;Mark 38;HYDROGEL_PACK;XIRECS;9969.0;5
526300;Mark 14;Mark 38;HYDROGEL_PACK;XIRECS;9966.0;3
527200;Mark 14;Mark 55;VELVETFRUIT_EXTRACT;XIRECS;5244.0;7
527300;Mark 55;Mark 14;VELVETFRUIT_EXTRACT;XIRECS;5248.0;5
529800;Mark 55;Mark 14;VELVETFRUIT_EXTRACT;XIRECS;5249.0;3
530600;Mark 67;Mark 22;VELVETFRUIT_EXTRACT;XIRECS;5246.0;5
530900;Mark 14;Mark 38;HYDROGEL_PACK;XIRECS;9988.0;3
533300;Mark 55;Mark 22;VELVETFRUIT_EXTRACT;XIRECS;5243.0;3
534700;Mark 14;Mark 38;HYDROGEL_PACK;XIRECS;9958.0;3
534900;Mark 38;Mark 14;HYDROGEL_PACK;XIRECS;9976.0;3
535100;Mark 14;Mark 38;HYDROGEL_PACK;XIRECS;9961.0;2
536500;Mark 38;Mark 14;VEV_4000;XIRECS;1252.0;2
538700;Mark 55;Mark 14;VELVETFRUIT_EXTRACT;XIRECS;5247.0;5
540500;Mark 38;Mark 14;HYDROGEL_PACK;XIRECS;9982.0;2
540600;Mark 38;Mark 14;HYDROGEL_PACK;XIRECS;9980.0;2
541400;Mark 55;Mark 14;VELVETFRUIT_EXTRACT;XIRECS;5243.0;8
543800;Mark 38;Mark 14;HYDROGEL_PACK;XIRECS;9975.0;6
543900;Mark 14;Mark 38;VEV_4000;XIRECS;1231.0;1
544400;Mark 38;Mark 14;HYDROGEL_PACK;XIRECS;9976.0;6
544700;Mark 55;Mark 01;VELVETFRUIT_EXTRACT;XIRECS;5243.0;8
545400;Mark 55;Mark 14;VELVETFRUIT_EXTRACT;XIRECS;5240.0;7
545900;Mark 55;Mark 14;VELVETFRUIT_EXTRACT;XIRECS;5238.0;5
547000;Mark 14;Mark 38;HYDROGEL_PACK;XIRECS;9969.0;6
547100;Mark 67;Mark 49;VELVETFRUIT_EXTRACT;XIRECS;5237.0;13
548000;Mark 01;Mark 55;VELVETFRUIT_EXTRACT;XIRECS;5235.0;5
548500;Mark 14;Mark 38;HYDROGEL_PACK;XIRECS;9963.0;6
548600;Mark 01;Mark 22;VEV_5300;XIRECS;36.0;2
548600;Mark 01;Mark 22;VEV_6000;XIRECS;0.0;2
548600;Mark 01;Mark 22;VEV_6500;XIRECS;0.0;2
548900;Mark 55;Mark 01;VELVETFRUIT_EXTRACT;XIRECS;5240.0;7
551500;Mark 01;Mark 55;VELVETFRUIT_EXTRACT;XIRECS;5238.0;6
553400;Mark 38;Mark 14;HYDROGEL_PACK;XIRECS;9968.0;2
554600;Mark 14;Mark 55;VELVETFRUIT_EXTRACT;XIRECS;5240.0;7
554600;Mark 14;Mark 22;VEV_5300;XIRECS;38.0;5
554600;Mark 01;Mark 22;VEV_5400;XIRECS;11.0;5
554600;Mark 01;Mark 22;VEV_5500;XIRECS;4.0;5
554600;Mark 01;Mark 22;VEV_6000;XIRECS;0.0;5
554600;Mark 01;Mark 22;VEV_6500;XIRECS;0.0;5
555000;Mark 55;Mark 01;VELVETFRUIT_EXTRACT;XIRECS;5246.0;3
555700;Mark 14;Mark 55;VELVETFRUIT_EXTRACT;XIRECS;5239.0;7
555700;Mark 01;Mark 22;VEV_5400;XIRECS;11.0;3
555700;Mark 01;Mark 22;VEV_5500;XIRECS;4.0;3
555700;Mark 01;Mark 22;VEV_6000;XIRECS;0.0;3
555700;Mark 01;Mark 22;VEV_6500;XIRECS;0.0;3
556000;Mark 38;Mark 14;HYDROGEL_PACK;XIRECS;9976.0;5
556100;Mark 38;Mark 14;HYDROGEL_PACK;XIRECS;9976.0;5
556700;Mark 14;Mark 55;VELVETFRUIT_EXTRACT;XIRECS;5238.0;8
558800;Mark 55;Mark 14;VELVETFRUIT_EXTRACT;XIRECS;5241.0;8
558900;Mark 55;Mark 14;VELVETFRUIT_EXTRACT;XIRECS;5241.0;7
561000;Mark 38;Mark 14;HYDROGEL_PACK;XIRECS;9996.0;4
561100;Mark 14;Mark 55;VELVETFRUIT_EXTRACT;XIRECS;5234.0;6
561300;Mark 14;Mark 55;VELVETFRUIT_EXTRACT;XIRECS;5234.0;3
563200;Mark 14;Mark 38;VEV_4000;XIRECS;1229.0;3
563700;Mark 38;Mark 14;VEV_4000;XIRECS;1246.0;1
564900;Mark 14;Mark 55;VELVETFRUIT_EXTRACT;XIRECS;5233.0;6
566100;Mark 14;Mark 55;VELVETFRUIT_EXTRACT;XIRECS;5233.0;3
566300;Mark 55;Mark 01;VELVETFRUIT_EXTRACT;XIRECS;5235.0;5
566700;Mark 01;Mark 22;VEV_5400;XIRECS;9.0;2
566700;Mark 01;Mark 22;VEV_5500;XIRECS;3.0;2
566700;Mark 01;Mark 22;VEV_6000;XIRECS;0.0;2
566700;Mark 01;Mark 22;VEV_6500;XIRECS;0.0;2
568500;Mark 14;Mark 38;HYDROGEL_PACK;XIRECS;9971.0;2
569800;Mark 01;Mark 55;VELVETFRUIT_EXTRACT;XIRECS;5225.0;5
571300;Mark 14;Mark 38;VEV_4000;XIRECS;1219.0;3
573500;Mark 01;Mark 55;VELVETFRUIT_EXTRACT;XIRECS;5232.0;5
573500;Mark 14;Mark 38;VEV_4000;XIRECS;1224.0;2
573700;Mark 55;Mark 01;VELVETFRUIT_EXTRACT;XIRECS;5237.0;3
573800;Mark 38;Mark 14;HYDROGEL_PACK;XIRECS;9989.0;3
574200;Mark 38;Mark 14;HYDROGEL_PACK;XIRECS;9988.0;6
575100;Mark 01;Mark 22;VEV_5400;XIRECS;9.0;4
575100;Mark 01;Mark 22;VEV_5500;XIRECS;3.0;4
575100;Mark 01;Mark 22;VEV_6000;XIRECS;0.0;4
575100;Mark 01;Mark 22;VEV_6500;XIRECS;0.0;4
576500;Mark 14;Mark 55;VELVETFRUIT_EXTRACT;XIRECS;5225.0;7
576700;Mark 38;Mark 14;HYDROGEL_PACK;XIRECS;10000.0;5
577700;Mark 14;Mark 55;VELVETFRUIT_EXTRACT;XIRECS;5223.0;8
578300;Mark 38;Mark 14;HYDROGEL_PACK;XIRECS;9992.0;6
578300;Mark 14;Mark 55;VELVETFRUIT_EXTRACT;XIRECS;5223.0;8
581600;Mark 38;Mark 14;HYDROGEL_PACK;XIRECS;10000.0;2
582600;Mark 14;Mark 38;HYDROGEL_PACK;XIRECS;9980.0;4
585200;Mark 14;Mark 38;HYDROGEL_PACK;XIRECS;10005.0;6
587100;Mark 14;Mark 22;VEV_5300;XIRECS;28.0;4
587100;Mark 01;Mark 22;VEV_5400;XIRECS;7.0;4
587100;Mark 01;Mark 22;VEV_5500;XIRECS;2.0;4
587100;Mark 01;Mark 22;VEV_6000;XIRECS;0.0;4
587100;Mark 01;Mark 22;VEV_6500;XIRECS;0.0;4
587200;Mark 55;Mark 14;VELVETFRUIT_EXTRACT;XIRECS;5214.0;6
587500;Mark 14;Mark 38;VEV_4000;XIRECS;1202.0;1
587700;Mark 38;Mark 14;HYDROGEL_PACK;XIRECS;10013.0;4
588400;Mark 38;Mark 14;HYDROGEL_PACK;XIRECS;10015.0;6
588400;Mark 55;Mark 14;VELVETFRUIT_EXTRACT;XIRECS;5217.0;5
588500;Mark 01;Mark 22;VEV_5300;XIRECS;28.0;4
588500;Mark 01;Mark 22;VEV_5400;XIRECS;7.0;4
588500;Mark 01;Mark 22;VEV_5500;XIRECS;2.0;4
588500;Mark 01;Mark 22;VEV_6000;XIRECS;0.0;4
588500;Mark 01;Mark 22;VEV_6500;XIRECS;0.0;4
588800;Mark 38;Mark 14;HYDROGEL_PACK;XIRECS;10016.0;2
589300;Mark 14;Mark 38;HYDROGEL_PACK;XIRECS;10001.0;3
589400;Mark 01;Mark 55;VELVETFRUIT_EXTRACT;XIRECS;5212.0;3
590700;Mark 38;Mark 14;VEV_4000;XIRECS;1225.0;1
592000;Mark 55;Mark 01;VELVETFRUIT_EXTRACT;XIRECS;5223.0;6
592200;Mark 38;Mark 14;HYDROGEL_PACK;XIRECS;10020.0;4
593000;Mark 01;Mark 22;VEV_5400;XIRECS;8.0;5
593000;Mark 01;Mark 22;VEV_5500;XIRECS;3.0;5
593000;Mark 01;Mark 22;VEV_6000;XIRECS;0.0;5
593000;Mark 01;Mark 22;VEV_6500;XIRECS;0.0;5
596100;Mark 14;Mark 38;HYDROGEL_PACK;XIRECS;10002.0;3
596600;Mark 38;Mark 14;HYDROGEL_PACK;XIRECS;10012.0;6
597500;Mark 38;Mark 14;HYDROGEL_PACK;XIRECS;10015.0;4
600300;Mark 38;Mark 14;VEV_4000;XIRECS;1254.0;2
601600;Mark 14;Mark 38;HYDROGEL_PACK;XIRECS;10013.0;6
604100;Mark 01;Mark 22;VEV_5300;XIRECS;38.0;2
604100;Mark 01;Mark 22;VEV_5400;XIRECS;11.0;2
604100;Mark 01;Mark 22;VEV_5500;XIRECS;4.0;2
604100;Mark 01;Mark 22;VEV_6000;XIRECS;0.0;2
604100;Mark 01;Mark 22;VEV_6500;XIRECS;0.0;2
604400;Mark 38;Mark 14;HYDROGEL_PACK;XIRECS;10043.0;3
604500;Mark 55;Mark 14;VELVETFRUIT_EXTRACT;XIRECS;5245.0;7
605100;Mark 14;Mark 38;VEV_4000;XIRECS;1233.0;3
607400;Mark 38;Mark 14;VEV_4000;XIRECS;1259.0;2
608800;Mark 55;Mark 01;VELVETFRUIT_EXTRACT;XIRECS;5255.0;3
608900;Mark 14;Mark 38;HYDROGEL_PACK;XIRECS;10031.0;2
610900;Mark 14;Mark 38;HYDROGEL_PACK;XIRECS;10029.0;5
610900;Mark 14;Mark 38;VEV_4000;XIRECS;1239.0;3
611300;Mark 67;Mark 22;VELVETFRUIT_EXTRACT;XIRECS;5244.0;6
612300;Mark 14;Mark 55;VELVETFRUIT_EXTRACT;XIRECS;5241.0;8
614100;Mark 67;Mark 22;VELVETFRUIT_EXTRACT;XIRECS;5244.0;10
616700;Mark 55;Mark 14;VELVETFRUIT_EXTRACT;XIRECS;5237.0;4
617200;Mark 55;Mark 01;VELVETFRUIT_EXTRACT;XIRECS;5237.0;6
620000;Mark 14;Mark 38;HYDROGEL_PACK;XIRECS;10010.0;5
620800;Mark 55;Mark 14;VELVETFRUIT_EXTRACT;XIRECS;5234.0;4
622600;Mark 01;Mark 22;VEV_5400;XIRECS;10.0;4
622600;Mark 01;Mark 22;VEV_5500;XIRECS;3.0;4
622600;Mark 01;Mark 22;VEV_6000;XIRECS;0.0;4
622600;Mark 01;Mark 22;VEV_6500;XIRECS;0.0;4
624000;Mark 14;Mark 38;VEV_4000;XIRECS;1226.0;2
624200;Mark 14;Mark 38;VEV_4000;XIRECS;1226.0;2
625900;Mark 38;Mark 14;VEV_4000;XIRECS;1253.0;2
626300;Mark 55;Mark 14;VELVETFRUIT_EXTRACT;XIRECS;5248.0;5
627100;Mark 38;Mark 14;VEV_4000;XIRECS;1254.0;3
627400;Mark 55;Mark 14;VELVETFRUIT_EXTRACT;XIRECS;5246.0;7
629200;Mark 01;Mark 55;VELVETFRUIT_EXTRACT;XIRECS;5243.0;5
630700;Mark 14;Mark 38;HYDROGEL_PACK;XIRECS;10010.0;3
631400;Mark 14;Mark 38;HYDROGEL_PACK;XIRECS;10002.0;3
633100;Mark 38;Mark 14;HYDROGEL_PACK;XIRECS;10017.0;6
634300;Mark 38;Mark 14;HYDROGEL_PACK;XIRECS;10009.0;4
634400;Mark 55;Mark 01;VELVETFRUIT_EXTRACT;XIRECS;5245.0;5
635100;Mark 14;Mark 38;VEV_4000;XIRECS;1235.0;3
637900;Mark 38;Mark 14;VEV_4000;XIRECS;1256.0;3
640000;Mark 14;Mark 38;HYDROGEL_PACK;XIRECS;10001.0;2
641500;Mark 55;Mark 14;VELVETFRUIT_EXTRACT;XIRECS;5248.0;5
642400;Mark 01;Mark 22;VEV_5400;XIRECS;11.0;2
642400;Mark 01;Mark 22;VEV_5500;XIRECS;4.0;2
642400;Mark 01;Mark 22;VEV_6000;XIRECS;0.0;2
642400;Mark 01;Mark 22;VEV_6500;XIRECS;0.0;2
643000;Mark 14;Mark 55;VELVETFRUIT_EXTRACT;XIRECS;5239.0;6
643300;Mark 38;Mark 14;VEV_4000;XIRECS;1252.0;1
644500;Mark 01;Mark 22;VEV_5400;XIRECS;11.0;4
644500;Mark 01;Mark 22;VEV_5500;XIRECS;4.0;4
644500;Mark 01;Mark 22;VEV_6000;XIRECS;0.0;4
644500;Mark 01;Mark 22;VEV_6500;XIRECS;0.0;4
645000;Mark 14;Mark 38;HYDROGEL_PACK;XIRECS;10016.0;4
648700;Mark 14;Mark 38;VEV_4000;XIRECS;1235.0;3
650000;Mark 14;Mark 38;HYDROGEL_PACK;XIRECS;10029.0;4
650200;Mark 55;Mark 01;VELVETFRUIT_EXTRACT;XIRECS;5246.0;6
650600;Mark 67;Mark 49;VELVETFRUIT_EXTRACT;XIRECS;5244.0;8
651300;Mark 55;Mark 01;VELVETFRUIT_EXTRACT;XIRECS;5247.0;8
653800;Mark 55;Mark 14;VELVETFRUIT_EXTRACT;XIRECS;5252.0;5
655500;Mark 14;Mark 38;HYDROGEL_PACK;XIRECS;10024.0;3
656600;Mark 67;Mark 22;VELVETFRUIT_EXTRACT;XIRECS;5253.0;8
658100;Mark 38;Mark 14;VEV_4000;XIRECS;1263.0;3
658300;Mark 14;Mark 55;VELVETFRUIT_EXTRACT;XIRECS;5249.0;3
659500;Mark 38;Mark 14;HYDROGEL_PACK;XIRECS;10046.0;5
659800;Mark 01;Mark 55;VELVETFRUIT_EXTRACT;XIRECS;5256.0;6
661900;Mark 14;Mark 38;HYDROGEL_PACK;XIRECS;10024.0;6
662600;Mark 55;Mark 01;VELVETFRUIT_EXTRACT;XIRECS;5251.0;6
663000;Mark 14;Mark 38;HYDROGEL_PACK;XIRECS;10025.0;2
666500;Mark 14;Mark 22;VEV_5200;XIRECS;91.0;2
666500;Mark 01;Mark 22;VEV_5300;XIRECS;42.0;2
666500;Mark 01;Mark 22;VEV_5400;XIRECS;12.0;2
666500;Mark 01;Mark 22;VEV_5500;XIRECS;4.0;2
666500;Mark 01;Mark 22;VEV_6000;XIRECS;0.0;2
666500;Mark 01;Mark 22;VEV_6500;XIRECS;0.0;2
667800;Mark 55;Mark 01;VELVETFRUIT_EXTRACT;XIRECS;5262.0;5
669900;Mark 38;Mark 14;VEV_4000;XIRECS;1275.0;3
672600;Mark 55;Mark 14;VELVETFRUIT_EXTRACT;XIRECS;5271.0;3
672800;Mark 67;Mark 49;VELVETFRUIT_EXTRACT;XIRECS;5271.0;10
673000;Mark 01;Mark 55;VELVETFRUIT_EXTRACT;XIRECS;5270.0;5
673600;Mark 55;Mark 01;VELVETFRUIT_EXTRACT;XIRECS;5275.0;6
674000;Mark 38;Mark 14;HYDROGEL_PACK;XIRECS;10015.0;2
674400;Mark 38;Mark 14;HYDROGEL_PACK;XIRECS;10012.0;4
675300;Mark 38;Mark 14;HYDROGEL_PACK;XIRECS;10017.0;2
675600;Mark 38;Mark 14;HYDROGEL_PACK;XIRECS;10018.0;3
675600;Mark 55;Mark 14;VELVETFRUIT_EXTRACT;XIRECS;5272.0;7
676600;Mark 38;Mark 14;VEV_4000;XIRECS;1279.0;2
678700;Mark 38;Mark 14;HYDROGEL_PACK;XIRECS;10013.0;6
679000;Mark 67;Mark 22;VELVETFRUIT_EXTRACT;XIRECS;5273.0;5
681000;Mark 38;Mark 14;HYDROGEL_PACK;XIRECS;10010.0;5
682800;Mark 55;Mark 14;VELVETFRUIT_EXTRACT;XIRECS;5283.0;6
683900;Mark 55;Mark 01;VELVETFRUIT_EXTRACT;XIRECS;5283.0;3
684500;Mark 01;Mark 55;VELVETFRUIT_EXTRACT;XIRECS;5273.0;7
686100;Mark 14;Mark 38;HYDROGEL_PACK;XIRECS;9996.0;6
686400;Mark 01;Mark 55;VELVETFRUIT_EXTRACT;XIRECS;5274.0;8
686700;Mark 38;Mark 14;HYDROGEL_PACK;XIRECS;10016.0;5
687700;Mark 01;Mark 55;VELVETFRUIT_EXTRACT;XIRECS;5269.0;7
687700;Mark 67;Mark 22;VELVETFRUIT_EXTRACT;XIRECS;5271.0;5
688500;Mark 01;Mark 55;VELVETFRUIT_EXTRACT;XIRECS;5272.0;3
688600;Mark 01;Mark 22;VEV_5400;XIRECS;16.0;2
688600;Mark 01;Mark 22;VEV_5500;XIRECS;6.0;2
688600;Mark 01;Mark 22;VEV_6000;XIRECS;0.0;2
688600;Mark 01;Mark 22;VEV_6500;XIRECS;0.0;2
689700;Mark 14;Mark 38;HYDROGEL_PACK;XIRECS;9997.0;5
690500;Mark 14;Mark 38;VEV_4000;XIRECS;1263.0;1
690600;Mark 55;Mark 14;VELVETFRUIT_EXTRACT;XIRECS;5275.0;5
690800;Mark 14;Mark 38;HYDROGEL_PACK;XIRECS;9990.0;5
691100;Mark 01;Mark 22;VEV_5400;XIRECS;15.0;5
691100;Mark 01;Mark 22;VEV_5500;XIRECS;6.0;5
691100;Mark 01;Mark 22;VEV_6000;XIRECS;0.0;5
691100;Mark 01;Mark 22;VEV_6500;XIRECS;0.0;5
691200;Mark 14;Mark 55;VELVETFRUIT_EXTRACT;XIRECS;5271.0;7
691600;Mark 14;Mark 38;HYDROGEL_PACK;XIRECS;9990.0;5
692000;Mark 38;Mark 14;VEV_4000;XIRECS;1282.0;1
692100;Mark 55;Mark 14;VELVETFRUIT_EXTRACT;XIRECS;5272.0;8
692500;Mark 01;Mark 55;VELVETFRUIT_EXTRACT;XIRECS;5268.0;6
693900;Mark 55;Mark 14;VELVETFRUIT_EXTRACT;XIRECS;5271.0;3
694400;Mark 55;Mark 14;VELVETFRUIT_EXTRACT;XIRECS;5271.0;3
694500;Mark 38;Mark 14;HYDROGEL_PACK;XIRECS;10016.0;4
695800;Mark 01;Mark 22;VEV_5500;XIRECS;5.0;5
695800;Mark 01;Mark 22;VEV_6000;XIRECS;0.0;5
695800;Mark 01;Mark 22;VEV_6500;XIRECS;0.0;5
696000;Mark 38;Mark 14;HYDROGEL_PACK;XIRECS;10016.0;2
697000;Mark 38;Mark 14;HYDROGEL_PACK;XIRECS;10017.0;4
697400;Mark 38;Mark 14;HYDROGEL_PACK;XIRECS;10018.0;2
698800;Mark 14;Mark 38;HYDROGEL_PACK;XIRECS;9999.0;2
699800;Mark 14;Mark 38;VEV_4000;XIRECS;1260.0;3
700500;Mark 67;Mark 22;VELVETFRUIT_EXTRACT;XIRECS;5264.0;10
701000;Mark 14;Mark 55;VELVETFRUIT_EXTRACT;XIRECS;5263.0;4
702100;Mark 55;Mark 14;VELVETFRUIT_EXTRACT;XIRECS;5265.0;5
702200;Mark 14;Mark 55;VELVETFRUIT_EXTRACT;XIRECS;5260.0;3
704600;Mark 55;Mark 01;VELVETFRUIT_EXTRACT;XIRECS;5265.0;8
705100;Mark 55;Mark 01;VELVETFRUIT_EXTRACT;XIRECS;5267.0;7
705700;Mark 01;Mark 55;VELVETFRUIT_EXTRACT;XIRECS;5261.0;4
705900;Mark 38;Mark 14;HYDROGEL_PACK;XIRECS;10032.0;6
707900;Mark 14;Mark 38;HYDROGEL_PACK;XIRECS;10021.0;6
711200;Mark 14;Mark 38;VEV_4000;XIRECS;1248.0;3
711900;Mark 01;Mark 22;VEV_5300;XIRECS;43.0;3
711900;Mark 01;Mark 22;VEV_5400;XIRECS;13.0;3
711900;Mark 01;Mark 22;VEV_5500;XIRECS;5.0;3
711900;Mark 01;Mark 22;VEV_6000;XIRECS;0.0;3
711900;Mark 01;Mark 22;VEV_6500;XIRECS;0.0;3
713000;Mark 55;Mark 01;VELVETFRUIT_EXTRACT;XIRECS;5255.0;8
715300;Mark 67;Mark 49;VELVETFRUIT_EXTRACT;XIRECS;5244.0;8
715500;Mark 14;Mark 38;HYDROGEL_PACK;XIRECS;10036.0;6
716900;Mark 14;Mark 38;HYDROGEL_PACK;XIRECS;10028.0;3
717300;Mark 67;Mark 49;VELVETFRUIT_EXTRACT;XIRECS;5244.0;12
719000;Mark 14;Mark 38;HYDROGEL_PACK;XIRECS;10033.0;5
720500;Mark 67;Mark 49;VELVETFRUIT_EXTRACT;XIRECS;5237.0;11
721200;Mark 49;Mark 55;VELVETFRUIT_EXTRACT;XIRECS;5239.0;3
722300;Mark 55;Mark 01;VELVETFRUIT_EXTRACT;XIRECS;5242.0;4
726100;Mark 14;Mark 55;VELVETFRUIT_EXTRACT;XIRECS;5231.0;5
726600;Mark 01;Mark 22;VEV_5400;XIRECS;8.0;2
726600;Mark 01;Mark 22;VEV_5500;XIRECS;3.0;2
726600;Mark 01;Mark 22;VEV_6000;XIRECS;0.0;2
726600;Mark 01;Mark 22;VEV_6500;XIRECS;0.0;2
727700;Mark 38;Mark 14;HYDROGEL_PACK;XIRECS;10040.0;6
727900;Mark 14;Mark 38;VEV_4000;XIRECS;1222.0;2
730300;Mark 14;Mark 55;VELVETFRUIT_EXTRACT;XIRECS;5223.0;5
733200;Mark 01;Mark 22;VEV_5400;XIRECS;8.0;4
733200;Mark 01;Mark 22;VEV_5500;XIRECS;3.0;4
733200;Mark 01;Mark 22;VEV_6000;XIRECS;0.0;4
733200;Mark 01;Mark 22;VEV_6500;XIRECS;0.0;4
734200;Mark 38;Mark 14;HYDROGEL_PACK;XIRECS;10029.0;5
735100;Mark 14;Mark 55;VELVETFRUIT_EXTRACT;XIRECS;5227.0;3
736100;Mark 38;Mark 14;VEV_4000;XIRECS;1239.0;1
736200;Mark 14;Mark 38;HYDROGEL_PACK;XIRECS;10004.0;6
737300;Mark 38;Mark 14;HYDROGEL_PACK;XIRECS;10014.0;6
737500;Mark 55;Mark 14;VELVETFRUIT_EXTRACT;XIRECS;5226.0;3
737600;Mark 01;Mark 55;VELVETFRUIT_EXTRACT;XIRECS;5221.0;5
738000;Mark 01;Mark 55;VELVETFRUIT_EXTRACT;XIRECS;5220.0;8
738500;Mark 01;Mark 55;VELVETFRUIT_EXTRACT;XIRECS;5216.0;4
738800;Mark 01;Mark 55;VELVETFRUIT_EXTRACT;XIRECS;5215.0;3
739000;Mark 14;Mark 38;HYDROGEL_PACK;XIRECS;9996.0;4
739600;Mark 38;Mark 14;VEV_4000;XIRECS;1227.0;3
739900;Mark 55;Mark 14;VELVETFRUIT_EXTRACT;XIRECS;5217.0;4
740000;Mark 14;Mark 38;HYDROGEL_PACK;XIRECS;10001.0;4
740300;Mark 55;Mark 14;VELVETFRUIT_EXTRACT;XIRECS;5216.0;7
742000;Mark 14;Mark 55;VELVETFRUIT_EXTRACT;XIRECS;5213.0;8
743500;Mark 14;Mark 38;HYDROGEL_PACK;XIRECS;10003.0;5
744200;Mark 67;Mark 22;VELVETFRUIT_EXTRACT;XIRECS;5208.0;8
746900;Mark 38;Mark 14;VEV_4000;XIRECS;1221.0;1
747700;Mark 14;Mark 38;HYDROGEL_PACK;XIRECS;9988.0;3
748500;Mark 01;Mark 22;VEV_5300;XIRECS;28.0;2
748500;Mark 01;Mark 22;VEV_5500;XIRECS;2.0;2
748500;Mark 01;Mark 22;VEV_6000;XIRECS;0.0;2
748500;Mark 01;Mark 22;VEV_6500;XIRECS;0.0;2
749400;Mark 38;Mark 14;HYDROGEL_PACK;XIRECS;10016.0;5
750200;Mark 38;Mark 22;HYDROGEL_PACK;XIRECS;10006.0;3
751300;Mark 01;Mark 55;VELVETFRUIT_EXTRACT;XIRECS;5211.0;5
752100;Mark 38;Mark 14;HYDROGEL_PACK;XIRECS;10012.0;6
752300;Mark 38;Mark 14;VEV_4000;XIRECS;1230.0;2
752500;Mark 14;Mark 38;HYDROGEL_PACK;XIRECS;9997.0;5
753400;Mark 38;Mark 14;HYDROGEL_PACK;XIRECS;10008.0;4
755000;Mark 14;Mark 38;HYDROGEL_PACK;XIRECS;10002.0;4
756000;Mark 49;Mark 55;VELVETFRUIT_EXTRACT;XIRECS;5225.0;7
757200;Mark 38;Mark 14;VEV_4000;XIRECS;1230.0;2
758100;Mark 14;Mark 55;VELVETFRUIT_EXTRACT;XIRECS;5213.0;8
759500;Mark 14;Mark 38;HYDROGEL_PACK;XIRECS;10016.0;2
761800;Mark 14;Mark 55;VELVETFRUIT_EXTRACT;XIRECS;5224.0;7
762200;Mark 38;Mark 14;VEV_4000;XIRECS;1236.0;2
762600;Mark 01;Mark 55;VELVETFRUIT_EXTRACT;XIRECS;5225.0;6
762800;Mark 55;Mark 14;VELVETFRUIT_EXTRACT;XIRECS;5231.0;6
763500;Mark 01;Mark 22;VEV_5400;XIRECS;7.0;5
763500;Mark 01;Mark 22;VEV_5500;XIRECS;2.0;5
763500;Mark 01;Mark 22;VEV_6000;XIRECS;0.0;5
763500;Mark 01;Mark 22;VEV_6500;XIRECS;0.0;5
764000;Mark 14;Mark 22;VEV_5300;XIRECS;32.0;3
764000;Mark 01;Mark 22;VEV_5400;XIRECS;8.0;3
764000;Mark 01;Mark 22;VEV_5500;XIRECS;2.0;3
764000;Mark 01;Mark 22;VEV_6000;XIRECS;0.0;3
764000;Mark 01;Mark 22;VEV_6500;XIRECS;0.0;3
766000;Mark 55;Mark 14;VELVETFRUIT_EXTRACT;XIRECS;5228.0;4
766500;Mark 14;Mark 38;HYDROGEL_PACK;XIRECS;10039.0;4
767700;Mark 38;Mark 14;HYDROGEL_PACK;XIRECS;10043.0;6
771300;Mark 38;Mark 14;HYDROGEL_PACK;XIRECS;10051.0;4
771600;Mark 67;Mark 49;VELVETFRUIT_EXTRACT;XIRECS;5230.0;12
771800;Mark 55;Mark 01;VELVETFRUIT_EXTRACT;XIRECS;5237.0;6
773800;Mark 14;Mark 55;VELVETFRUIT_EXTRACT;XIRECS;5234.0;8
774200;Mark 38;Mark 14;VEV_4000;XIRECS;1243.0;2
775300;Mark 14;Mark 38;HYDROGEL_PACK;XIRECS;10028.0;4
775500;Mark 55;Mark 14;VELVETFRUIT_EXTRACT;XIRECS;5242.0;7
777200;Mark 67;Mark 49;VELVETFRUIT_EXTRACT;XIRECS;5238.0;10
779200;Mark 01;Mark 22;VEV_5300;XIRECS;37.0;4
779200;Mark 01;Mark 22;VEV_5400;XIRECS;10.0;4
779200;Mark 01;Mark 22;VEV_5500;XIRECS;3.0;4
779200;Mark 01;Mark 22;VEV_6000;XIRECS;0.0;4
779200;Mark 01;Mark 22;VEV_6500;XIRECS;0.0;4
779700;Mark 55;Mark 22;VELVETFRUIT_EXTRACT;XIRECS;5243.0;4
780000;Mark 38;Mark 14;HYDROGEL_PACK;XIRECS;10035.0;3
781100;Mark 55;Mark 14;VELVETFRUIT_EXTRACT;XIRECS;5241.0;7
781500;Mark 01;Mark 55;VELVETFRUIT_EXTRACT;XIRECS;5235.0;7
781900;Mark 22;Mark 55;VELVETFRUIT_EXTRACT;XIRECS;5235.0;5
783400;Mark 01;Mark 55;VELVETFRUIT_EXTRACT;XIRECS;5238.0;6
784000;Mark 14;Mark 38;HYDROGEL_PACK;XIRECS;10014.0;6
787000;Mark 55;Mark 01;VELVETFRUIT_EXTRACT;XIRECS;5251.0;6
787400;Mark 14;Mark 38;HYDROGEL_PACK;XIRECS;10012.0;5
791700;Mark 01;Mark 55;VELVETFRUIT_EXTRACT;XIRECS;5243.0;6
793900;Mark 67;Mark 22;VELVETFRUIT_EXTRACT;XIRECS;5243.0;5
793900;Mark 01;Mark 22;VEV_5400;XIRECS;10.0;2
793900;Mark 01;Mark 22;VEV_5500;XIRECS;3.0;2
793900;Mark 01;Mark 22;VEV_6000;XIRECS;0.0;2
793900;Mark 01;Mark 22;VEV_6500;XIRECS;0.0;2
795400;Mark 14;Mark 38;HYDROGEL_PACK;XIRECS;9978.0;6
796100;Mark 55;Mark 01;VELVETFRUIT_EXTRACT;XIRECS;5245.0;5
796600;Mark 55;Mark 01;VELVETFRUIT_EXTRACT;XIRECS;5244.0;7
796800;Mark 14;Mark 38;VEV_4000;XIRECS;1228.0;1
798800;Mark 67;Mark 49;VELVETFRUIT_EXTRACT;XIRECS;5241.0;12
798900;Mark 55;Mark 01;VELVETFRUIT_EXTRACT;XIRECS;5245.0;8
800000;Mark 38;Mark 14;VEV_4000;XIRECS;1260.0;1
802600;Mark 14;Mark 55;VELVETFRUIT_EXTRACT;XIRECS;5252.0;7
802700;Mark 38;Mark 14;HYDROGEL_PACK;XIRECS;10014.0;4
803000;Mark 55;Mark 01;VELVETFRUIT_EXTRACT;XIRECS;5257.0;3
804500;Mark 38;Mark 14;HYDROGEL_PACK;XIRECS;10020.0;5
805000;Mark 55;Mark 14;VELVETFRUIT_EXTRACT;XIRECS;5259.0;3
805600;Mark 14;Mark 38;VEV_4000;XIRECS;1246.0;2
807300;Mark 55;Mark 14;VELVETFRUIT_EXTRACT;XIRECS;5263.0;6
808200;Mark 14;Mark 38;VEV_4000;XIRECS;1253.0;2
808800;Mark 14;Mark 22;VEV_5300;XIRECS;44.0;4
808800;Mark 01;Mark 22;VEV_5400;XIRECS;12.0;4
808800;Mark 01;Mark 22;VEV_5500;XIRECS;4.0;4
808800;Mark 01;Mark 22;VEV_6000;XIRECS;0.0;4
808800;Mark 01;Mark 22;VEV_6500;XIRECS;0.0;4
809100;Mark 14;Mark 38;VEV_4000;XIRECS;1248.0;3
810000;Mark 55;Mark 01;VELVETFRUIT_EXTRACT;XIRECS;5256.0;5
810800;Mark 01;Mark 55;VELVETFRUIT_EXTRACT;XIRECS;5250.0;5
812300;Mark 14;Mark 55;VELVETFRUIT_EXTRACT;XIRECS;5245.0;8
812600;Mark 55;Mark 01;VELVETFRUIT_EXTRACT;XIRECS;5251.0;5
812700;Mark 14;Mark 38;HYDROGEL_PACK;XIRECS;10005.0;3
813500;Mark 01;Mark 55;VELVETFRUIT_EXTRACT;XIRECS;5240.0;4
815900;Mark 55;Mark 14;VELVETFRUIT_EXTRACT;XIRECS;5246.0;3
816800;Mark 38;Mark 14;VEV_4000;XIRECS;1253.0;3
818600;Mark 38;Mark 14;HYDROGEL_PACK;XIRECS;10039.0;3
819500;Mark 01;Mark 55;VELVETFRUIT_EXTRACT;XIRECS;5248.0;7
819600;Mark 14;Mark 38;VEV_4000;XIRECS;1241.0;3
822500;Mark 55;Mark 01;VELVETFRUIT_EXTRACT;XIRECS;5255.0;5
823500;Mark 55;Mark 14;VELVETFRUIT_EXTRACT;XIRECS;5254.0;8
823600;Mark 14;Mark 38;VEV_4000;XIRECS;1241.0;3
824000;Mark 14;Mark 38;HYDROGEL_PACK;XIRECS;10027.0;4
825200;Mark 55;Mark 14;VELVETFRUIT_EXTRACT;XIRECS;5256.0;4
825500;Mark 38;Mark 14;VEV_4000;XIRECS;1266.0;3
825600;Mark 55;Mark 14;VELVETFRUIT_EXTRACT;XIRECS;5259.0;6
825700;Mark 55;Mark 01;VELVETFRUIT_EXTRACT;XIRECS;5259.0;6
825900;Mark 01;Mark 22;VEV_5400;XIRECS;12.0;2
825900;Mark 01;Mark 22;VEV_5500;XIRECS;4.0;2
825900;Mark 01;Mark 22;VEV_6000;XIRECS;0.0;2
825900;Mark 01;Mark 22;VEV_6500;XIRECS;0.0;2
826400;Mark 01;Mark 22;VEV_5300;XIRECS;42.0;4
826400;Mark 01;Mark 22;VEV_5400;XIRECS;12.0;4
826400;Mark 01;Mark 22;VEV_5500;XIRECS;4.0;4
826400;Mark 01;Mark 22;VEV_6000;XIRECS;0.0;4
826400;Mark 01;Mark 22;VEV_6500;XIRECS;0.0;4
827000;Mark 14;Mark 38;HYDROGEL_PACK;XIRECS;10024.0;5
827300;Mark 38;Mark 14;VEV_4000;XIRECS;1264.0;2
827900;Mark 55;Mark 01;VELVETFRUIT_EXTRACT;XIRECS;5256.0;3
828400;Mark 55;Mark 01;VELVETFRUIT_EXTRACT;XIRECS;5258.0;3
829800;Mark 55;Mark 14;VELVETFRUIT_EXTRACT;XIRECS;5254.0;7
830600;Mark 14;Mark 38;HYDROGEL_PACK;XIRECS;10024.0;3
831300;Mark 55;Mark 14;VELVETFRUIT_EXTRACT;XIRECS;5257.0;3
833300;Mark 38;Mark 14;VEV_4000;XIRECS;1265.0;2
833700;Mark 55;Mark 14;VELVETFRUIT_EXTRACT;XIRECS;5258.0;5
834000;Mark 14;Mark 38;HYDROGEL_PACK;XIRECS;10017.0;4
836300;Mark 14;Mark 22;VEV_5300;XIRECS;43.0;4
836300;Mark 01;Mark 22;VEV_5400;XIRECS;12.0;4
836300;Mark 01;Mark 22;VEV_5500;XIRECS;4.0;4
836300;Mark 01;Mark 22;VEV_6000;XIRECS;0.0;4
836300;Mark 01;Mark 22;VEV_6500;XIRECS;0.0;4
836500;Mark 14;Mark 55;VELVETFRUIT_EXTRACT;XIRECS;5256.0;4
840900;Mark 14;Mark 55;VELVETFRUIT_EXTRACT;XIRECS;5255.0;8
840900;Mark 67;Mark 49;VELVETFRUIT_EXTRACT;XIRECS;5256.0;11
841800;Mark 22;Mark 49;VELVETFRUIT_EXTRACT;XIRECS;5258.0;8
842800;Mark 14;Mark 38;HYDROGEL_PACK;XIRECS;10008.0;6
843300;Mark 38;Mark 14;HYDROGEL_PACK;XIRECS;10026.0;3
844300;Mark 55;Mark 14;VELVETFRUIT_EXTRACT;XIRECS;5262.0;7
844800;Mark 01;Mark 55;VELVETFRUIT_EXTRACT;XIRECS;5260.0;5
845400;Mark 01;Mark 55;VELVETFRUIT_EXTRACT;XIRECS;5259.0;7
848300;Mark 55;Mark 14;VELVETFRUIT_EXTRACT;XIRECS;5260.0;7
848400;Mark 67;Mark 49;VELVETFRUIT_EXTRACT;XIRECS;5256.0;11
849400;Mark 14;Mark 38;HYDROGEL_PACK;XIRECS;9996.0;6
850200;Mark 14;Mark 38;VEV_4000;XIRECS;1247.0;1
855100;Mark 38;Mark 14;HYDROGEL_PACK;XIRECS;10018.0;4
856600;Mark 14;Mark 38;HYDROGEL_PACK;XIRECS;10001.0;2
860300;Mark 14;Mark 55;VELVETFRUIT_EXTRACT;XIRECS;5253.0;3
861000;Mark 14;Mark 55;VELVETFRUIT_EXTRACT;XIRECS;5252.0;4
861200;Mark 38;Mark 14;HYDROGEL_PACK;XIRECS;10021.0;2
861800;Mark 14;Mark 38;HYDROGEL_PACK;XIRECS;9996.0;6
862900;Mark 67;Mark 22;VELVETFRUIT_EXTRACT;XIRECS;5253.0;8
863200;Mark 55;Mark 22;VELVETFRUIT_EXTRACT;XIRECS;5252.0;3
863300;Mark 14;Mark 38;HYDROGEL_PACK;XIRECS;9990.0;5
864200;Mark 14;Mark 38;HYDROGEL_PACK;XIRECS;9990.0;3
864300;Mark 22;Mark 55;VELVETFRUIT_EXTRACT;XIRECS;5257.0;4
866200;Mark 38;Mark 14;HYDROGEL_PACK;XIRECS;9999.0;3
866800;Mark 38;Mark 14;HYDROGEL_PACK;XIRECS;10002.0;6
866900;Mark 38;Mark 14;HYDROGEL_PACK;XIRECS;10001.0;2
867500;Mark 14;Mark 38;HYDROGEL_PACK;XIRECS;9992.0;6
869900;Mark 14;Mark 38;HYDROGEL_PACK;XIRECS;9987.0;2
870100;Mark 38;Mark 14;HYDROGEL_PACK;XIRECS;10001.0;2
870400;Mark 38;Mark 14;HYDROGEL_PACK;XIRECS;9999.0;4
872400;Mark 67;Mark 49;VELVETFRUIT_EXTRACT;XIRECS;5248.0;15
872600;Mark 01;Mark 22;VEV_5300;XIRECS;39.0;2
872600;Mark 01;Mark 22;VEV_5400;XIRECS;10.0;2
872600;Mark 01;Mark 22;VEV_5500;XIRECS;3.0;2
872600;Mark 01;Mark 22;VEV_6000;XIRECS;0.0;2
872600;Mark 01;Mark 22;VEV_6500;XIRECS;0.0;2
874800;Mark 14;Mark 55;VELVETFRUIT_EXTRACT;XIRECS;5247.0;8
875900;Mark 38;Mark 14;VEV_4000;XIRECS;1259.0;1
876500;Mark 14;Mark 22;VEV_5200;XIRECS;84.0;3
876500;Mark 01;Mark 22;VEV_5400;XIRECS;10.0;3
876500;Mark 01;Mark 22;VEV_5500;XIRECS;3.0;3
876500;Mark 01;Mark 22;VEV_6000;XIRECS;0.0;3
876500;Mark 01;Mark 22;VEV_6500;XIRECS;0.0;3
876900;Mark 14;Mark 38;HYDROGEL_PACK;XIRECS;9977.0;5
878000;Mark 01;Mark 55;VELVETFRUIT_EXTRACT;XIRECS;5243.0;4
879100;Mark 14;Mark 38;VEV_4000;XIRECS;1237.0;2
880000;Mark 14;Mark 38;VEV_4000;XIRECS;1242.0;3
880800;Mark 38;Mark 14;HYDROGEL_PACK;XIRECS;9993.0;5
881200;Mark 55;Mark 14;VELVETFRUIT_EXTRACT;XIRECS;5253.0;4
883000;Mark 01;Mark 55;VELVETFRUIT_EXTRACT;XIRECS;5251.0;4
884100;Mark 14;Mark 38;VEV_4000;XIRECS;1246.0;2
886000;Mark 55;Mark 14;VELVETFRUIT_EXTRACT;XIRECS;5265.0;3
887000;Mark 55;Mark 14;VELVETFRUIT_EXTRACT;XIRECS;5268.0;4
887900;Mark 67;Mark 49;VELVETFRUIT_EXTRACT;XIRECS;5269.0;15
889900;Mark 01;Mark 55;VELVETFRUIT_EXTRACT;XIRECS;5262.0;3
890200;Mark 38;Mark 14;HYDROGEL_PACK;XIRECS;9994.0;5
891400;Mark 55;Mark 14;VELVETFRUIT_EXTRACT;XIRECS;5268.0;4
891600;Mark 14;Mark 38;HYDROGEL_PACK;XIRECS;9976.0;6
891800;Mark 55;Mark 14;VELVETFRUIT_EXTRACT;XIRECS;5272.0;7
892900;Mark 55;Mark 14;VELVETFRUIT_EXTRACT;XIRECS;5275.0;5
894800;Mark 38;Mark 14;VEV_4000;XIRECS;1282.0;2
894900;Mark 38;Mark 14;HYDROGEL_PACK;XIRECS;9993.0;2
898100;Mark 14;Mark 55;VELVETFRUIT_EXTRACT;XIRECS;5277.0;8
898600;Mark 01;Mark 22;VEV_5300;XIRECS;52.0;2
898600;Mark 01;Mark 22;VEV_5500;XIRECS;5.0;2
898600;Mark 01;Mark 22;VEV_6000;XIRECS;0.0;2
898600;Mark 01;Mark 22;VEV_6500;XIRECS;0.0;2
899900;Mark 14;Mark 38;HYDROGEL_PACK;XIRECS;10001.0;3
900500;Mark 14;Mark 55;VELVETFRUIT_EXTRACT;XIRECS;5282.0;3
901000;Mark 14;Mark 55;VELVETFRUIT_EXTRACT;XIRECS;5281.0;8
901700;Mark 55;Mark 01;VELVETFRUIT_EXTRACT;XIRECS;5284.0;4
901800;Mark 01;Mark 55;VELVETFRUIT_EXTRACT;XIRECS;5279.0;8
902500;Mark 38;Mark 14;HYDROGEL_PACK;XIRECS;10019.0;5
902700;Mark 67;Mark 49;VELVETFRUIT_EXTRACT;XIRECS;5282.0;9
903600;Mark 14;Mark 38;HYDROGEL_PACK;XIRECS;9999.0;4
904000;Mark 55;Mark 14;VELVETFRUIT_EXTRACT;XIRECS;5285.0;5
906500;Mark 55;Mark 01;VELVETFRUIT_EXTRACT;XIRECS;5280.0;7
910900;Mark 01;Mark 22;VEV_5500;XIRECS;5.0;4
910900;Mark 01;Mark 22;VEV_6000;XIRECS;0.0;4
910900;Mark 01;Mark 22;VEV_6500;XIRECS;0.0;4
912000;Mark 67;Mark 49;VELVETFRUIT_EXTRACT;XIRECS;5276.0;9
913200;Mark 14;Mark 38;HYDROGEL_PACK;XIRECS;9992.0;2
914100;Mark 38;Mark 14;VEV_4000;XIRECS;1292.0;2
914300;Mark 67;Mark 22;VELVETFRUIT_EXTRACT;XIRECS;5280.0;8
914600;Mark 55;Mark 01;VELVETFRUIT_EXTRACT;XIRECS;5285.0;8
915400;Mark 14;Mark 55;VELVETFRUIT_EXTRACT;XIRECS;5281.0;7
915700;Mark 67;Mark 22;VELVETFRUIT_EXTRACT;XIRECS;5285.0;6
918200;Mark 38;Mark 14;HYDROGEL_PACK;XIRECS;10006.0;5
918800;Mark 55;Mark 14;VELVETFRUIT_EXTRACT;XIRECS;5286.0;8
921800;Mark 38;Mark 14;HYDROGEL_PACK;XIRECS;10011.0;3
922100;Mark 55;Mark 14;VELVETFRUIT_EXTRACT;XIRECS;5289.0;4
923800;Mark 38;Mark 14;HYDROGEL_PACK;XIRECS;10006.0;6
924100;Mark 14;Mark 55;VELVETFRUIT_EXTRACT;XIRECS;5285.0;6
924200;Mark 01;Mark 22;VEV_5500;XIRECS;6.0;5
924200;Mark 01;Mark 22;VEV_6000;XIRECS;0.0;5
924200;Mark 01;Mark 22;VEV_6500;XIRECS;0.0;5
925100;Mark 38;Mark 14;VEV_4000;XIRECS;1292.0;2
927200;Mark 55;Mark 01;VELVETFRUIT_EXTRACT;XIRECS;5283.0;3
927700;Mark 14;Mark 38;HYDROGEL_PACK;XIRECS;9982.0;4
928800;Mark 14;Mark 38;HYDROGEL_PACK;XIRECS;9977.0;6
929100;Mark 14;Mark 55;VELVETFRUIT_EXTRACT;XIRECS;5277.0;8
929600;Mark 14;Mark 38;HYDROGEL_PACK;XIRECS;9987.0;6
929900;Mark 55;Mark 14;VELVETFRUIT_EXTRACT;XIRECS;5279.0;7
933200;Mark 01;Mark 55;VELVETFRUIT_EXTRACT;XIRECS;5275.0;6
934300;Mark 14;Mark 55;VELVETFRUIT_EXTRACT;XIRECS;5278.0;8
934900;Mark 01;Mark 22;VEV_5400;XIRECS;16.0;5
934900;Mark 01;Mark 22;VEV_5500;XIRECS;5.0;5
934900;Mark 01;Mark 22;VEV_6000;XIRECS;0.0;5
934900;Mark 01;Mark 22;VEV_6500;XIRECS;0.0;5
935400;Mark 14;Mark 38;HYDROGEL_PACK;XIRECS;10017.0;3
936000;Mark 01;Mark 55;VELVETFRUIT_EXTRACT;XIRECS;5273.0;7
936600;Mark 14;Mark 55;VELVETFRUIT_EXTRACT;XIRECS;5270.0;8
940100;Mark 38;Mark 14;HYDROGEL_PACK;XIRECS;10025.0;6
940500;Mark 14;Mark 38;HYDROGEL_PACK;XIRECS;10003.0;2
941000;Mark 67;Mark 49;VELVETFRUIT_EXTRACT;XIRECS;5274.0;9
941900;Mark 22;Mark 38;HYDROGEL_PACK;XIRECS;10006.0;2
942700;Mark 01;Mark 55;VELVETFRUIT_EXTRACT;XIRECS;5269.0;3
942800;Mark 55;Mark 14;VELVETFRUIT_EXTRACT;XIRECS;5274.0;4
944300;Mark 14;Mark 38;HYDROGEL_PACK;XIRECS;9988.0;5
945100;Mark 55;Mark 01;VELVETFRUIT_EXTRACT;XIRECS;5278.0;8
945400;Mark 55;Mark 14;VELVETFRUIT_EXTRACT;XIRECS;5279.0;3
947900;Mark 14;Mark 38;HYDROGEL_PACK;XIRECS;9983.0;6
947900;Mark 14;Mark 55;VELVETFRUIT_EXTRACT;XIRECS;5275.0;5
948000;Mark 01;Mark 22;VEV_5500;XIRECS;5.0;4
948000;Mark 01;Mark 22;VEV_6000;XIRECS;0.0;4
948000;Mark 01;Mark 22;VEV_6500;XIRECS;0.0;4
948400;Mark 38;Mark 14;HYDROGEL_PACK;XIRECS;10002.0;5
948500;Mark 14;Mark 22;VEV_5300;XIRECS;49.0;5
948500;Mark 01;Mark 22;VEV_5400;XIRECS;15.0;5
948500;Mark 01;Mark 22;VEV_5500;XIRECS;5.0;5
948500;Mark 01;Mark 22;VEV_6000;XIRECS;0.0;5
948500;Mark 01;Mark 22;VEV_6500;XIRECS;0.0;5
948800;Mark 55;Mark 01;VELVETFRUIT_EXTRACT;XIRECS;5278.0;7
948900;Mark 55;Mark 01;VELVETFRUIT_EXTRACT;XIRECS;5278.0;5
949800;Mark 14;Mark 38;HYDROGEL_PACK;XIRECS;9978.0;6
955900;Mark 01;Mark 55;VELVETFRUIT_EXTRACT;XIRECS;5273.0;6
956000;Mark 67;Mark 22;VELVETFRUIT_EXTRACT;XIRECS;5276.0;7
957400;Mark 01;Mark 55;VELVETFRUIT_EXTRACT;XIRECS;5275.0;5
958400;Mark 14;Mark 38;HYDROGEL_PACK;XIRECS;9993.0;4
958700;Mark 67;Mark 49;VELVETFRUIT_EXTRACT;XIRECS;5271.0;8
959100;Mark 55;Mark 14;VELVETFRUIT_EXTRACT;XIRECS;5274.0;3
959400;Mark 67;Mark 22;VELVETFRUIT_EXTRACT;XIRECS;5271.0;7
960400;Mark 01;Mark 55;VELVETFRUIT_EXTRACT;XIRECS;5267.0;4
961700;Mark 14;Mark 38;HYDROGEL_PACK;XIRECS;9990.0;5
961700;Mark 14;Mark 38;VEV_4000;XIRECS;1257.0;3
963700;Mark 55;Mark 14;VELVETFRUIT_EXTRACT;XIRECS;5266.0;7
964300;Mark 01;Mark 55;VELVETFRUIT_EXTRACT;XIRECS;5264.0;4
965500;Mark 14;Mark 38;HYDROGEL_PACK;XIRECS;9998.0;6
965600;Mark 14;Mark 38;VEV_4000;XIRECS;1256.0;3
967500;Mark 38;Mark 14;HYDROGEL_PACK;XIRECS;10022.0;4
967900;Mark 55;Mark 14;VELVETFRUIT_EXTRACT;XIRECS;5262.0;3
968300;Mark 55;Mark 14;VELVETFRUIT_EXTRACT;XIRECS;5263.0;8
968600;Mark 38;Mark 14;HYDROGEL_PACK;XIRECS;10015.0;5
970000;Mark 14;Mark 55;VELVETFRUIT_EXTRACT;XIRECS;5260.0;8
970300;Mark 38;Mark 14;HYDROGEL_PACK;XIRECS;10006.0;3
970700;Mark 55;Mark 01;VELVETFRUIT_EXTRACT;XIRECS;5265.0;4
972700;Mark 55;Mark 14;VELVETFRUIT_EXTRACT;XIRECS;5271.0;8
972800;Mark 14;Mark 22;VEV_5300;XIRECS;46.0;2
972800;Mark 01;Mark 22;VEV_5500;XIRECS;4.0;2
972800;Mark 01;Mark 22;VEV_6000;XIRECS;0.0;2
972800;Mark 01;Mark 22;VEV_6500;XIRECS;0.0;2
974300;Mark 14;Mark 55;VELVETFRUIT_EXTRACT;XIRECS;5266.0;5
975900;Mark 14;Mark 38;VEV_4000;XIRECS;1262.0;1
976200;Mark 14;Mark 38;HYDROGEL_PACK;XIRECS;9997.0;2
976800;Mark 38;Mark 14;HYDROGEL_PACK;XIRECS;10005.0;2
977200;Mark 01;Mark 55;VELVETFRUIT_EXTRACT;XIRECS;5267.0;5
977300;Mark 14;Mark 22;VEV_5300;XIRECS;46.0;4
977300;Mark 01;Mark 22;VEV_5500;XIRECS;4.0;4
977300;Mark 01;Mark 22;VEV_6000;XIRECS;0.0;4
977300;Mark 01;Mark 22;VEV_6500;XIRECS;0.0;4
977500;Mark 01;Mark 22;VEV_5300;XIRECS;46.0;2
977500;Mark 01;Mark 22;VEV_5500;XIRECS;4.0;2
977500;Mark 01;Mark 22;VEV_6000;XIRECS;0.0;2
977500;Mark 01;Mark 22;VEV_6500;XIRECS;0.0;2
978200;Mark 14;Mark 38;VEV_4000;XIRECS;1259.0;2
978400;Mark 55;Mark 14;VELVETFRUIT_EXTRACT;XIRECS;5270.0;8
978600;Mark 38;Mark 14;HYDROGEL_PACK;XIRECS;9998.0;3
978600;Mark 55;Mark 14;VELVETFRUIT_EXTRACT;XIRECS;5272.0;4
978700;Mark 38;Mark 14;HYDROGEL_PACK;XIRECS;10000.0;2
981200;Mark 14;Mark 55;VELVETFRUIT_EXTRACT;XIRECS;5271.0;3
982000;Mark 38;Mark 14;HYDROGEL_PACK;XIRECS;10003.0;2
982500;Mark 14;Mark 38;VEV_4000;XIRECS;1263.0;2
983700;Mark 38;Mark 14;HYDROGEL_PACK;XIRECS;10005.0;2
984200;Mark 38;Mark 14;HYDROGEL_PACK;XIRECS;10009.0;3
984700;Mark 14;Mark 38;HYDROGEL_PACK;XIRECS;9984.0;5
985000;Mark 01;Mark 55;VELVETFRUIT_EXTRACT;XIRECS;5274.0;4
986100;Mark 14;Mark 55;VELVETFRUIT_EXTRACT;XIRECS;5277.0;6
988300;Mark 55;Mark 22;VELVETFRUIT_EXTRACT;XIRECS;5284.0;5
992200;Mark 38;Mark 14;HYDROGEL_PACK;XIRECS;10029.0;4
992900;Mark 49;Mark 22;VELVETFRUIT_EXTRACT;XIRECS;5284.0;8
993200;Mark 38;Mark 22;HYDROGEL_PACK;XIRECS;10024.0;6
993500;Mark 67;Mark 49;VELVETFRUIT_EXTRACT;XIRECS;5280.0;13
993800;Mark 01;Mark 22;VEV_5300;XIRECS;50.0;5
993800;Mark 01;Mark 22;VEV_5400;XIRECS;16.0;5
993800;Mark 01;Mark 22;VEV_5500;XIRECS;5.0;5
993800;Mark 01;Mark 22;VEV_6000;XIRECS;0.0;5
993800;Mark 01;Mark 22;VEV_6500;XIRECS;0.0;5
994800;Mark 14;Mark 38;HYDROGEL_PACK;XIRECS;10011.0;4
995100;Mark 55;Mark 14;VELVETFRUIT_EXTRACT;XIRECS;5289.0;7
996300;Mark 14;Mark 55;VELVETFRUIT_EXTRACT;XIRECS;5290.0;3
996500;Mark 14;Mark 38;HYDROGEL_PACK;XIRECS;10010.0;2
996500;Mark 14;Mark 55;VELVETFRUIT_EXTRACT;XIRECS;5291.0;3
998800;Mark 38;Mark 14;VEV_4000;XIRECS;1307.0;3
